食品番号,食品名,TMR係数 (kg-TMR/kg),無単位,枚,本,個片丁株玉房,杯/カップ,半分,摘/少,小/小匙,中,大/大匙,一掴,袋,箱,缶/カン,CC,cm,束,合
3003,（砂糖類）　車糖　上白糖,9.4,-1,-1,-1,-1,-1,-1,-1,3,-1,9,-1,1000,-1,-1,-1,-1,-1,-1
17012,＜調味料類＞　（食塩類）　食塩,1.5,-1,-1,-1,-1,-1,-1,1,6,-1,18,-1,1000,-1,-1,-1,-1,-1,-1
#N/A,#N/A,,#N/A,#N/A,#N/A,#N/A,#N/A,#N/A,#N/A,#N/A,#N/A,#N/A,#N/A,#N/A,#N/A,#N/A,#N/A,#N/A,#N/A,#N/A
17007,＜調味料類＞　（しょうゆ類）　こいくちしょうゆ,2.5,-1,-1,-1,-1,230,115,-1,6,-1,18,-1,-1,-1,-1,1.15,-1,-1,-1
12004,鶏卵　全卵　生,6.3,-1,-1,-1,60,-1,30,-1,-1,-1,-1,-1,-1,-1,-1,-1,-1,-1,-1
17138,＜調味料類＞　（その他）　料理酒,4.9,-1,-1,-1,-1,200,100,-1,5,-1,15,-1,-1,-1,-1,1,-1,-1,-1
13003,＜牛乳及び乳製品＞　（液状乳類）　普通牛乳,2.0,-1,-1,-1,-1,200,-1,-1,5,-1,15,-1,-1,-1,-1,1.05,-1,-1,-1
16025,＜アルコール飲料類＞　（混成酒類）　みりん　本みりん,3.0,-1,-1,-1,-1,230,115,-1,6,-1,18,-1,-1,-1,-1,1.15,-1,-1,180
14017,（バター類）　無発酵バター　有塩バター,54.2,-1,-1,-1,-1,180,-1,-1,4,-1,12,-1,-1,-1,-1,-1,-1,-1,-1
6153,（たまねぎ類）　たまねぎ　りん茎　生,1.9,-1,-1,-1,200,-1,100,-1,-1,-1,-1,-1,-1,-1,-1,-1,-1,-1,-1
17042,＜調味料類＞　（ドレッシング類）　半固形状ドレッシング　マヨネーズ　全卵型,7.6,-1,-1,-1,-1,-1,-1,-1,5,-1,15,-1,-1,-1,-1,-1,-1,-1,-1
14002,（植物油脂類）　ごま油,8.0,-1,-1,-1,-1,-1,-1,-1,4,-1,12,-1,-1,-1,-1,-1,-1,-1,-1
14001,（植物油脂類）　オリーブ油,8.0,-1,-1,-1,-1,-1,-1,-1,4,-1,12,-1,-1,-1,-1,-1,-1,-1,-1
1015,こむぎ　［小麦粉］　薄力粉　1等,2.8,-1,-1,-1,-1,150,75,-1,3,-1,9,-1,200,-1,-1,-1,-1,-1,-1
2034,＜でん粉・でん粉製品＞　（でん粉類）　じゃがいもでん粉,1.6,-1,-1,-1,-1,-1,-1,-1,-1,-1,-1,-1,500,-1,-1,-1,-1,-1,-1
14006,（植物油脂類）　調合油,8.0,-1,-1,-1,-1,-1,-1,-1,4,-1,12,-1,-1,-1,-1,-1,-1,-1,-1
6214,（にんじん類）　にんじん　根　皮なし　生,2.5,-1,-1,-1,15,-1,-1,-1,-1,-1,-1,-1,-1,-1,-1,-1,-1,-1,-1
6223,（にんにく類）　にんにく　りん茎　生,3.8,-1,-1,-1,15,-1,-1,-1,-1,-1,-1,-1,-1,-1,-1,-1,-1,-1,-1
17015,＜調味料類＞　（食酢類）　穀物酢,1.7,-1,-1,-1,-1,200,100,-1,5,-1,15,-1,-1,-1,-1,1,-1,-1,-1
13014,＜牛乳及び乳製品＞　（クリーム類）　クリーム　乳脂肪,2.0,-1,-1,-1,-1,-1,-1,-1,-1,-1,-1,-1,-1,200,-1,-1,-1,-1,-1
6061,（キャベツ類）　キャベツ　結球葉　生,3.8,-1,55,-1,1000,-1,500,-1,-1,-1,-1,-1,-1,-1,-1,-1,-1,-1,-1
7156,（かんきつ類）　レモン　果汁　生,3.8,-1,-1,-1,45,-1,-1,-1,5,-1,15,-1,-1,-1,-1,-1,-1,-1,-1
1088,こめ　［水稲めし］　精白米　うるち米,3.4,-1,-1,-1,-1,-1,-1,-1,-1,-1,-1,-1,500,-1,-1,-1,-1,-1,-1
17036,＜調味料類＞　（トマト加工品類）　トマトケチャップ,7.4,-1,-1,-1,-1,230,-1,-1,5,-1,15,-1,-1,-1,-1,-1,-1,-1,-1
6065,きゅうり　果実　生,5.7,-1,-1,100,-1,-1,50,-1,-1,-1,-1,-1,-1,-1,-1,-1,-1,-1,-1
2017,＜いも類＞　じゃがいも　塊茎　皮なし　生,1.6,-1,-1,-1,120,-1,60,-1,-1,-1,-1,-1,-1,-1,-1,-1,-1,-1,-1
6245,（ピーマン類）　青ピーマン　果実　生,8.6,-1,-1,-1,40,-1,-1,-1,-1,-1,-1,-1,-1,-1,-1,-1,-1,-1,-1
6182,（トマト類）　赤色トマト　果実　生,7.1,-1,-1,-1,150,-1,-1,-1,-1,-1,-1,-1,-1,-1,-1,-1,-1,-1,-1
6134,（だいこん類）　だいこん　根　皮なし　生,2.8,-1,-1,1000,1000,-1,500,-1,-1,-1,-1,-1,-1,-1,-1,-1,-1,-1,-1
17084,＜その他＞　ベーキングパウダー,,-1,-1,-1,-1,-1,-1,-1,-1,-1,12,-1,-1,-1,-1,-1,-1,-1,-1
1020,こむぎ　［小麦粉］　強力粉　1等,2.8,-1,-1,-1,-1,150,75,-1,3,-1,9,-1,200,-1,-1,-1,-1,-1,-1
11183,＜畜肉類＞　ぶた　［ベーコン類］　ばらベーコン,13.3,-1,15,-1,-1,-1,-1,-1,-1,-1,-1,-1,-1,-1,-1,-1,-1,-1,-1
17046,＜調味料類＞　（みそ類）　米みそ　赤色辛みそ,2.7,-1,-1,-1,-1,230,115,-1,6,-1,18,-1,-1,-1,-1,-1,-1,-1,-1
8016,（しめじ類）　ぶなしめじ　生,5.0,-1,-1,-1,-1,-1,-1,-1,-1,-1,-1,-1,100,-1,-1,-1,-1,-1,-1
1077,こむぎ　［その他］　パン粉　生,4.8,-1,-1,-1,-1,-1,-1,-1,1,-1,-1,-1,200,-1,-1,-1,-1,-1,-1
3005,（砂糖類）　ざらめ糖　グラニュー糖,9.4,-1,-1,-1,-1,-1,-1,-1,3,-1,9,-1,500,-1,-1,-1,-1,-1,-1
12010,鶏卵　卵黄　生,6.3,-1,-1,-1,20,20,-1,-1,-1,-1,-1,-1,-1,-1,-1,-1,-1,-1,-1
17083,＜その他＞　酵母　パン酵母　乾燥,20.0,-1,-1,-1,-1,-1,-1,-1,-1,-1,-1,-1,40,-1,-1,-1,-1,-1,-1
6291,（もやし類）　りょくとうもやし　生,5.0,-1,-1,-1,-1,-1,125,-1,-1,-1,-1,-1,250,-1,-1,-1,-1,-1,-1
17065,＜香辛料類＞　こしょう　混合　粉,10.0,-1,-1,-1,-1,-1,1,1,2,-1,6,-1,-1,-1,-1,-1,-1,-1,-1
17031,＜調味料類＞　（調味ソース類）　オイスターソース,5.3,-1,-1,-1,-1,-1,-1,-1,6,-1,-1,-1,-1,-1,-1,-1,-1,-1,-1
17027,＜調味料類＞　（だし類）　固形ブイヨン,48.8,-1,-1,-1,5,-1,-1,-1,-1,-1,-1,-1,-1,-1,-1,-1,-1,-1,-1
6103,（しょうが類）　しょうが　根茎　皮なし　生,3.0,-1,-1,-1,50,-1,-1,-1,6,-1,18,-1,-1,-1,-1,-1,-1,-1,-1
1063,こむぎ　［マカロニ・スパゲッティ類］　マカロニ・スパゲッティ　乾,2.0,-1,-1,-1,170,-1,-1,-1,-1,-1,-1,-1,-1,-1,-1,-1,-1,-1,-1
3022,（その他）　はちみつ,9.0,-1,-1,-1,-1,-1,-1,-1,7,-1,21,-1,-1,-1,-1,1.4,-1,-1,-1
17029,＜調味料類＞　（だし類）　めんつゆ　ストレート,7.0,-1,-1,-1,-1,230,-1,-1,6,-1,18,-1,-1,-1,-1,1.2,-1,-1,-1
17021,＜調味料類＞　（だし類）　かつお・昆布だし　荒節・昆布だし,7.0,-1,-1,-1,-1,200,-1,-1,5,-1,15,-1,-1,-1,-1,1,-1,-1,-1
6095,しそ　葉　生,3.8,-1,0.5,-1,-1,-1,-1,-1,-1,-1,-1,-1,10,-1,-1,-1,-1,10,-1
1024,こむぎ　［小麦粉］　プレミックス粉　ホットケーキ用,5.0,-1,-1,-1,-1,150,75,-1,3,-1,9,-1,600,300,-1,-1,-1,-1,-1
6312,（レタス類）　レタス　土耕栽培　結球葉　生,3.0,-1,-1,-1,450,-1,225,-1,-1,-1,-1,-1,-1,-1,-1,-1,-1,-1,-1
4033,だいず　［豆腐・油揚げ類］　絹ごし豆腐,2.9,-1,-1,-1,250,-1,125,-1,-1,-1,-1,-1,-1,-1,-1,-1,-1,-1,-1
6233,はくさい　結球葉　生,1.8,-1,-1,-1,1200,-1,-1,-1,-1,-1,-1,-1,-1,-1,-1,-1,-1,-1,-1
13040,＜牛乳及び乳製品＞　（チーズ類）　プロセスチーズ,2.0,-1,-1,-1,-1,-1,-1,-1,-1,-1,-1,-1,120,-1,-1,-1,-1,-1,-1
13035,＜牛乳及び乳製品＞　（チーズ類）　ナチュラルチーズ　クリーム,2.0,-1,-1,-1,-1,-1,-1,-1,-1,-1,-1,-1,120,-1,-1,-1,-1,-1,-1
6226,（ねぎ類）　根深ねぎ　葉　軟白　生,4.9,-1,-1,-1,-1,-1,-1,-1,-1,-1,-1,-1,100,-1,-1,-1,-1,-1,-1
11176,＜畜肉類＞　ぶた　［ハム類］　ロースハム　ロースハム,13.3,-1,10,-1,-1,-1,-1,-1,-1,-1,-1,-1,-1,-1,-1,-1,-1,-1,-1
13038,＜牛乳及び乳製品＞　（チーズ類）　ナチュラルチーズ　パルメザン,1.8,-1,-1,-1,-1,-1,-1,-1,-1,-1,-1,-1,120,-1,-1,-1,-1,-1,-1
11221,＜鳥肉類＞　にわとり　［若どり・主品目］　もも　皮つき　生,7.3,-1,280,-1,28,-1,-1,-1,-1,-1,-1,-1,-1,-1,-1,-1,-1,-1,-1
6048,（かぼちゃ類）　西洋かぼちゃ　果実　生,7.3,-1,-1,-1,800,-1,-1,-1,-1,-1,-1,-1,-1,-1,-1,-1,-1,-1,-1
17110,＜調味料類＞　（調味ソース類）　ぽん酢しょうゆ,3.1,-1,-1,-1,-1,200,100,-1,5,-1,15,-1,-1,-1,-1,-1,-1,-1,-1
6267,ほうれんそう　葉　通年平均　生,5.9,-1,-1,-1,40,-1,20,-1,-1,-1,-1,-1,-1,-1,-1,-1,-1,-1,-1
14018,（バター類）　無発酵バター　食塩不使用バター,54.2,-1,-1,-1,-1,-1,-1,-1,-1,-1,-1,-1,200,-1,-1,-1,-1,-1,-1
14020,（マーガリン類）　マーガリン　家庭用　有塩,8.0,-1,-1,-1,-1,-1,-1,-1,4,-1,12,-1,-1,-1,-1,-1,-1,-1,-1
17004,＜調味料類＞　（辛味調味料類）　トウバンジャン,2.7,-1,-1,-1,-1,230,115,-1,6,-1,18,-1,-1,-1,-1,-1,-1,-1,-1
16010,＜アルコール飲料類＞　（醸造酒類）　ぶどう酒　白,4.9,-1,-1,-1,-1,-1,-1,-1,-1,-1,-1,-1,-1,-1,200,-1,-1,-1,-1
1083,こめ　［水稲穀粒］　精白米　うるち米,3.4,-1,-1,-1,-1,160,-1,-1,-1,-1,-1,-1,-1,-1,-1,-1,-1,-1,150
17063,＜香辛料類＞　こしょう　黒　粉,10.0,-1,-1,-1,-1,-1,-1,-1,2,-1,6,-1,-1,-1,100,-1,-1,-1,-1
6239,パセリ　葉　生,14.3,-1,-1,-1,-1,-1,-1,-1,-1,-1,-1,-1,2.5,-1,-1,-1,-1,-1,-1
6263,ブロッコリー　花序　生,5.0,-1,-1,-1,800,-1,400,-1,-1,-1,-1,-1,-1,-1,-1,-1,-1,175,-1
9004,あまのり　焼きのり,4.8,-1,3,-1,-1,-1,-1,-1,-1,-1,-1,-1,-1,-1,-1,-1,-1,100,-1
7107,バナナ　生,3.8,-1,-1,120,-1,-1,-1,-1,-1,-1,-1,-1,-1,-1,-1,-1,-1,-1,-1
4052,だいず　［その他］　豆乳　豆乳,2.0,-1,-1,-1,-1,200,-1,-1,5,-1,15,-1,-1,-1,-1,1.05,-1,-1,-1
17061,＜香辛料類＞　カレー粉,14.3,-1,-1,-1,-1,80,-1,-1,2,-1,6,-1,-1,-1,-1,-1,-1,-1,-1
1026,こむぎ　［パン類］　角形食パン　食パン,3.7,-1,70,-1,-1,-1,-1,-1,-1,-1,-1,-1,380,-1,-1,-1,-1,-1,-1
4040,だいず　［豆腐・油揚げ類］　油揚げ　生,2.6,-1,27.5,-1,27.5,-1,13.75,-1,-1,-1,-1,-1,27.5,-1,-1,-1,-1,-1,-1
11123,＜畜肉類＞　ぶた　［大型種肉］　ロース　脂身つき　生,13.3,-1,-1,-1,-1,-1,-1,-1,-1,-1,-1,200,-1,-1,-1,-1,-1,-1,-1
6191,（なす類）　なす　果実　生,5.4,-1,-1,-1,80,-1,40,-1,-1,-1,-1,-1,-1,-1,-1,-1,-1,-1,-1
12014,鶏卵　卵白　生,6.3,-1,-1,-1,30,-1,-1,-1,5,-1,15,-1,-1,-1,-1,-1,-1,-1,-1
10263,＜魚類＞　（まぐろ類）　缶詰　油漬　フレーク　ライト,1.2,-1,-1,-1,-1,-1,-1,-1,-1,-1,-1,-1,-1,-1,70,1,-1,-1,-1
13025,＜牛乳及び乳製品＞　（発酵乳・乳酸菌飲料）　ヨーグルト　全脂無糖,2.0,-1,-1,-1,-1,-1,-1,-1,-1,-1,-1,-1,-1,400,-1,-1,-1,-1,-1
4046,だいず　［納豆類］　糸引き納豆,2.5,-1,-1,-1,-1,-1,-1,-1,-1,-1,-1,-1,-1,50,-1,-1,-1,-1,-1
7006,アボカド　生,8.0,-1,-1,-1,150,-1,125,-1,-1,-1,-1,-1,-1,-1,-1,-1,-1,-1,-1
6084,ごぼう　根　生,3.8,-1,-1,150,-1,-1,75,-1,-1,-1,-1,-1,-1,-1,-1,-1,-1,-1,-1
8025,（ひらたけ類）　エリンギ　生,5.0,-1,-1,45,-1,-1,-1,-1,-1,-1,-1,-1,-1,-1,-1,-1,-1,-1,-1
2006,＜いも類＞　（さつまいも類）　さつまいも　塊根　皮なし　生,2.4,-1,-1,200,200,-1,100,-1,-1,-1,-1,-1,-1,-1,-1,-1,-1,-1,-1
11163,＜畜肉類＞　ぶた　［ひき肉］　生,13.3,-1,-1,-1,-1,-1,-1,-1,-1,-1,15,-1,300,-1,-1,-1,-1,-1,-1
6207,（にら類）　にら　葉　生,3.8,-1,-1,-1,-1,-1,-1,-1,-1,-1,-1,-1,-1,-1,-1,-1,-1,200,-1
5017,ごま　乾,5.0,-1,-1,-1,-1,-1,-1,-1,3,-1,9,-1,60,-1,-1,-1,-1,-1,-1
6072,みずな　葉　生,1.8,-1,-1,-1,180,-1,90,-1,-1,-1,-1,-1,-1,-1,-1,-1,-1,-1,-1
8039,しいたけ　生しいたけ　菌床栽培　生,5.0,-1,-1,15,15,-1,-1,-1,-1,-1,-1,-1,-1,-1,-1,-1,-1,-1,-1
6119,セロリ　葉柄　生,3.8,-1,-1,100,-1,-1,50,-1,-1,-1,-1,-1,-1,-1,-1,-1,-1,-1,-1
17028,＜調味料類＞　（だし類）　顆粒和風だし,1.4,-1,-1,-1,5,-1,-1,-1,-1,-1,-1,-1,-1,-1,-1,-1,-1,-1,-1
6172,とうがらし　果実　乾,14.3,-1,-1,-1,-1,-1,-1,-1,-1,-1,-1,-1,-1,-1,15,-1,-1,-1,-1
4032,だいず　［豆腐・油揚げ類］　木綿豆腐,2.5,-1,-1,-1,340,-1,-1,-1,-1,-1,-1,-1,-1,-1,-1,-1,-1,-1,-1
10091,＜魚類＞　（かつお類）　加工品　かつお節,2.3,-1,-1,-1,-1,-1,-1,-1,-1,-1,-1,-1,80,-1,-1,-1,-1,-1,-1
8001,えのきたけ　生,5.0,-1,-1,-1,-1,-1,-1,-1,-1,-1,-1,-1,200,-1,-1,-1,-1,-1,-1
13010,＜牛乳及び乳製品＞　（粉乳類）　脱脂粉乳,14.3,-1,-1,-1,-1,-1,-1,-1,-1,-1,-1,-1,180,-1,-1,-1,-1,-1,-1
10381,＜水産練り製品＞　焼き竹輪,5.0,-1,-1,90,-1,-1,-1,-1,-1,-1,-1,-1,-1,-1,-1,-1,-1,-1,-1
17001,＜調味料類＞　（ウスターソース類）　ウスターソース,5.3,-1,-1,-1,-1,-1,-1,-1,6,-1,18,-1,-1,-1,-1,-1,-1,-1,-1
1116,こめ　［うるち米製品］　米こうじ,3.4,-1,-1,-1,-1,-1,-1,-1,-1,-1,-1,-1,-1,-1,-1,-1,-1,-1,110
7148,りんご　皮なし　生,3.8,-1,-1,250,-1,-1,-1,-1,-1,-1,-1,-1,-1,-1,-1,-1,-1,-1,-1
6183,（トマト類）　赤色ミニトマト　果実　生,7.1,-1,-1,-1,10,-1,-1,-1,-1,-1,-1,-1,-1,-1,-1,-1,-1,-1,-1
6032,オクラ　果実　生,5.0,-1,-1,12,12,-1,6,-1,-1,-1,-1,-1,-1,-1,-1,-1,-1,-1,-1
11186,＜畜肉類＞　ぶた　［ソーセージ類］　ウインナーソーセージ　ウインナーソーセージ,13.3,-1,-1,15,15,-1,7.5,-1,-1,-1,-1,-1,200,-1,-1,-1,-1,-1,-1
6236,はくさい　漬物　キムチ,1.8,-1,-1,-1,-1,-1,-1,-1,-1,-1,-1,-1,200,-1,-1,-1,-1,-1,-1
6086,こまつな　葉　生,1.8,-1,-1,-1,-1,-1,-1,-1,-1,-1,-1,-1,-1,-1,-1,-1,-1,300,-1
17002,＜調味料類＞　（ウスターソース類）　中濃ソース,5.3,-1,-1,-1,-1,-1,-1,-1,6,-1,18,-1,-1,-1,-1,-1,-1,-1,-1
7155,（かんきつ類）　レモン　全果　生,3.8,-1,-1,-1,150,-1,-1,-1,-1,-1,-1,-1,-1,-1,-1,-1,-1,-1,-1
6205,にがうり　果実　生,3.8,-1,-1,250,250,-1,125,-1,-1,-1,-1,-1,-1,-1,-1,-1,-1,-1,-1
11198,＜畜肉類＞　ぶた　［その他］　ゼラチン,13.3,-1,-1,-1,-1,-1,-1,-1,-1,-1,-1,-1,-1,30,-1,-1,-1,-1,-1
17067,＜香辛料類＞　シナモン　粉,14.3,-1,-1,-1,-1,-1,-1,-1,-1,-1,-1,-1,500,-1,-1,-1,-1,-1,-1
17093,＜調味料類＞　（だし類）　顆粒中華だし,48.8,-1,-1,-1,-1,200,-1,-1,5,-1,15,-1,-1,-1,-1,1,-1,-1,-1
7117,ぶどう　干しぶどう,3.8,-1,-1,-1,-1,-1,-1,-1,-1,-1,-1,-1,-1,-1,-1,-1,-1,-1,-1
2003,＜いも類＞　こんにゃく　板こんにゃく　精粉こんにゃく,20.0,-1,300,-1,-1,-1,-1,-1,-1,-1,-1,-1,300,-1,-1,-1,-1,-1,-1
16011,＜アルコール飲料類＞　（醸造酒類）　ぶどう酒　赤,4.9,-1,-1,-1,-1,200,100,-1,-1,-1,-1,-1,-1,-1,-1,-1,-1,-1,-1
17008,＜調味料類＞　（しょうゆ類）　うすくちしょうゆ,2.4,-1,-1,-1,-1,230,115,-1,6,-1,18,-1,-1,-1,-1,1.15,-1,-1,-1
12005,鶏卵　全卵　ゆで,6.3,-1,-1,-1,60,-1,30,-1,-1,-1,-1,-1,-1,-1,-1,-1,-1,-1,-1
11219,＜鳥肉類＞　にわとり　［若どり・主品目］　むね　皮つき　生,7.3,-1,280,-1,28,-1,-1,-1,-1,-1,-1,-1,-1,-1,-1,-1,-1,-1,-1
17060,＜香辛料類＞　からし　粒入りマスタード,7.4,-1,-1,-1,-1,-1,-1,-1,-1,-1,18,-1,-1,-1,-1,-1,-1,-1,-1
6175,（とうもろこし類）　スイートコーン　未熟種子　生,7.4,-1,-1,260,-1,-1,130,-1,-1,-1,-1,-1,-1,-1,-1,-1,-1,-1,-1
17006,＜調味料類＞　（辛味調味料類）　ラー油,2.2,-1,-1,50,-1,-1,-1,-1,-1,-1,-1,-1,-1,-1,-1,-1,-1,-1,-1
6116,ズッキーニ　果実　生,3.8,-1,-1,200,200,-1,100,-1,-1,-1,-1,-1,-1,-1,-1,-1,-1,-1,-1
6238,バジル　葉　生,14.3,-1,-1,-1,-1,-1,-1,-1,-1,-1,-1,-1,100,-1,-1,-1,-1,-1,-1
16048,＜コーヒー・ココア類＞　ココア　ピュアココア,6.3,-1,-1,-1,-1,-1,-1,-1,-1,-1,-1,-1,-1,-1,400,-1,-1,-1,-1
16020,＜アルコール飲料類＞　（蒸留酒類）　ラム,10.0,-1,-1,-1,-1,200,100,-1,-1,-1,-1,-1,-1,-1,-1,-1,-1,-1,-1
17076,＜香辛料類＞　にんにく　おろし,3.8,-1,-1,-1,-1,-1,-1,-1,6,-1,18,-1,-1,-1,-1,-1,-1,-1,-1
5001,アーモンド　乾,3.8,-1,-1,-1,1.5,-1,-1,-1,-1,-1,-1,-1,-1,-1,-1,-1,-1,-1,-1
10376,＜水産練り製品＞　かに風味かまぼこ,5.0,-1,-1,10,-1,-1,-1,-1,-1,-1,-1,-1,-1,-1,-1,-1,-1,-1,-1
7023,うめ　梅干し　調味漬,3.8,-1,-1,-1,20,-1,10,-1,-1,-1,-1,-1,-1,-1,-1,-1,-1,-1,-1
6184,（トマト類）　加工品　ホール　食塩無添加,7.1,-1,-1,-1,-1,-1,-1,-1,-1,-1,-1,-1,-1,-1,400,-1,-1,-1,-1
6247,（ピーマン類）　赤ピーマン　果実　生,8.6,-1,-1,-1,40,-1,20,-1,-1,-1,-1,-1,-1,-1,-1,-1,-1,-1,-1
4051,だいず　［その他］　おから　生,2.9,-1,-1,-1,-1,-1,-1,-1,-1,-1,-1,-1,50,-1,-1,-1,-1,-1,-1
6007,アスパラガス　若茎　生,10.0,-1,-1,20,20,-1,10,-1,-1,-1,-1,-1,-1,-1,-1,-1,-1,100,-1
2035,＜でん粉・でん粉製品＞　（でん粉類）　とうもろこしでん粉,2.2,-1,-1,-1,-1,-1,-1,-1,2,-1,6,-1,500,-1,-1,-1,-1,-1,-1
3004,（砂糖類）　車糖　三温糖,9.4,-1,-1,-1,-1,-1,-1,-1,3,-1,9,-1,1000,-1,-1,-1,-1,-1,-1
9017,（こんぶ類）　まこんぶ　素干し　乾,16.5,-1,-1,-1,-1,-1,-1,-1,-1,-1,-1,-1,-1,100,-1,-1,-1,-1,-1
17074,＜香辛料類＞　ナツメグ　粉,14.34,-1,-1,-1,-1,-1,-1,-1,-1,-1,-1,-1,15,-1,-1,-1,-1,-1,-1
11129,＜畜肉類＞　ぶた　［大型種肉］　ばら　脂身つき　生,13.3,-1,-1,-1,-1,-1,-1,-1,-1,-1,-1,200,-1,-1,-1,-1,-1,-1,-1
16001,＜アルコール飲料類＞　（醸造酒類）　清酒　普通酒,4.85,-1,-1,-1,-1,200,100,-1,5,-1,15,-1,-1,-1,-1,1,-1,-1,-1
17081,＜香辛料類＞　わさび　練り,14.34,-1,-1,40,-1,-1,-1,-1,-1,-1,-1,-1,-1,-1,-1,-1,-1,-1,-1
3011,（砂糖類）　加工糖　粉糖,9.4,-1,-1,-1,-1,-1,-1,-1,3,-1,9,-1,70,-1,-1,-1,-1,-1,-1
17107,＜調味料類＞　（調味ソース類）　魚醤油　ナンプラー,,-1,-1,-1,-1,230,115,-1,6,-1,18,-1,-1,-1,-1,1.15,-1,-1,-1
4039,だいず　［豆腐・油揚げ類］　生揚げ,2.9,-1,130,-1,130,-1,65,-1,-1,-1,-1,-1,-1,-1,-1,-1,-1,-1,-1
6367,（だいこん類）　だいこん　根　皮なし　生　おろし,2.8,-1,-1,-1,-1,-1,-1,-1,-1,-1,15,-1,-1,-1,-1,-1,-1,-1,-1
6317,れんこん　根茎　生,3.8,-1,-1,300,300,-1,150,-1,-1,-1,-1,-1,-1,-1,-1,-1,-1,-1,-1
17075,＜香辛料類＞　にんにく　ガーリックパウダー　食塩無添加,3.8,-1,-1,-1,-1,-1,-1,-1,-1,-1,-1,-1,30,-1,-1,-1,-1,-1,-1
9022,（こんぶ類）　塩昆布,16.5,-1,-1,-1,-1,-1,-1,-1,-1,-1,-1,-1,60,-1,-1,-1,-1,-1,-1
11230,＜鳥肉類＞　にわとり　［二次品目］　ひき肉　生,7.34,-1,-1,-1,-1,-1,-1,-1,-1,-1,15,-1,300,-1,-1,-1,-1,-1,-1
1074,こむぎ　［その他］　ぎょうざの皮　生,2.04,-1,-1,-1,-1,-1,-1,-1,-1,-1,-1,-1,150,-1,-1,-1,-1,-1,-1
10204,＜魚類＞　（たら類）　すけとうだら　からしめんたいこ,11,-1,-1,40,40,-1,20,-1,5,-1,15,-1,-1,-1,-1,-1,-1,40,-1
2039,＜でん粉・でん粉製品＞　（でん粉製品）　はるさめ　緑豆はるさめ　乾,2.04,-1,-1,-1,-1,-1,-1,-1,-1,-1,-1,-1,100,-1,-1,-1,-1,-1,-1
5014,くるみ　いり,,-1,-1,-1,-1,120,-1,-1,-1,-1,-1,-1,-1,-1,-1,-1,-1,-1,-1
1038,こむぎ　［うどん・そうめん類］　うどん　生,2.04,-1,-1,-1,150,-1,-1,-1,-1,-1,-1,-1,200,-1,-1,-1,-1,100,-1
2010,＜いも類＞　（さといも類）　さといも　球茎　生,2.37,-1,-1,-1,20,-1,10,-1,-1,-1,-1,-1,-1,-1,-1,-1,-1,-1,-1
8031,マッシュルーム　生,5,-1,-1,-1,-1,-1,-1,-1,-1,-1,-1,-1,100,-1,-1,-1,-1,-1,-1
15116,＜チョコレート類＞　ミルクチョコレート,,-1,50,-1,-1,-1,-1,-1,-1,-1,-1,-1,-1,-1,-1,-1,-1,-1,-1
3023,（その他）　メープルシロップ,9,-1,-1,-1,-1,-1,-1,-1,3,-1,9,-1,1000,-1,-1,-1,-1,-1,-1
17091,＜調味料類＞　（食酢類）　果実酢　バルサミコ酢,1.7,-1,-1,-1,-1,200,100,-1,5,-1,15,-1,-1,-1,-1,1,-1,-1,-1
8028,まいたけ　生,5,-1,-1,-1,-1,-1,-1,-1,-1,-1,-1,-1,100,-1,-1,-1,-1,-1,-1
6280,（みょうが類）　みょうが　花穂　生,3.8,-1,-1,16,-1,-1,-1,-1,-1,-1,-1,-1,-1,-1,-1,-1,-1,-1,-1
6010,いんげんまめ　さやいんげん　若ざや　生,3.8,-1,-1,-1,-1,-1,-1,-1,-1,-1,-1,-1,-1,-1,130,-1,-1,-1,-1
2023,＜いも類＞　（やまのいも類）　ながいも　ながいも　塊根　生,2.37,-1,-1,700,-1,-1,350,-1,-1,-1,-1,-1,-1,-1,-1,-1,70,-1,-1
5018,ごま　いり,,-1,-1,-1,-1,-1,-1,-1,3,-1,9,-1,60,-1,-1,-1,-1,-1,-1
6365,（しょうが類）　しょうが　根茎　皮なし　生　おろし,3,-1,-1,-1,-1,-1,-1,-1,6,-1,18,-1,-1,-1,-1,-1,-1,-1,-1
1158,こめ　［うるち米製品］　米粉,3.4,-1,-1,-1,-1,-1,-1,-1,-1,-1,-1,-1,500,-1,-1,-1,-1,-1,-1
3030,（砂糖類）　てんさい含蜜糖,9.4,-1,-1,-1,-1,-1,-1,-1,3,-1,9,-1,500,-1,-1,-1,-1,-1,-1
7012,いちご　生,8.32,-1,-1,20,-1,-1,-1,-1,-1,-1,-1,-1,-1,-1,-1,-1,-1,-1,-1
16051,＜その他＞　昆布茶,,-1,-1,-1,-1,2,-1,-1,-1,-1,-1,-1,-1,-1,-1,-1,-1,-1,-1
16046,＜コーヒー・ココア類＞　コーヒー　インスタントコーヒー,12.8,-1,-1,-1,-1,-1,0.5,-1,1,-1,3,-1,-1,-1,-1,-1,-1,-1,-1
17116,＜調味料類＞　（ドレッシング類）　分離液状ドレッシング　和風ドレッシング　分離液状,,-1,-1,-1,-1,-1,-1,-1,-1,-1,15,-1,-1,-1,-1,-1,-1,-1,-1
11034,＜畜肉類＞　うし　［乳用肥育牛肉］　かたロース　脂身つき　生,49,-1,30,-1,-1,-1,15,-1,-1,-1,-1,200,-1,-1,-1,-1,-1,-1,-1
10445,＜魚類＞　（いわし類）　しらす　釜揚げしらす,1.2,-1,-1,-1,-1,-1,-1,-1,-1,-1,-1,-1,80,-1,-1,-1,-1,-1,-1
4029,だいず　［全粒・全粒製品］　きな粉　黄大豆　全粒大豆,2.9,-1,-1,-1,-1,-1,-1,-1,-1,-1,-1,-1,100,-1,-1,-1,-1,-1,-1
9002,あおのり　素干し,4.8,-1,-1,-1,-1,-1,-1,-1,-1,-1,-1,-1,10,-1,-1,-1,-1,-1,-1
16035,＜茶類＞　（緑茶類）　抹茶　茶,6.3,-1,-1,-1,-1,-1,-1,-1,-1,-1,-1,-1,-1,-1,150,-1,-1,-1,-1
1179,こむぎ　［その他］　春巻きの皮　生,2.04,-1,-1,-1,-1,-1,-1,-1,-1,-1,-1,-1,150,-1,-1,-1,-1,-1,-1
17073,＜香辛料類＞　とうがらし　粉,14.34,-1,-1,-1,-1,-1,-1,-1,-1,-1,6,-1,-1,-1,-1,-1,-1,-1,-1
1043,こむぎ　［うどん・そうめん類］　そうめん・ひやむぎ　乾,2.04,-1,-1,-1,-1,-1,-1,-1,-1,-1,-1,-1,200,-1,-1,-1,-1,50,-1
11181,＜畜肉類＞　ぶた　［ハム類］　生ハム　促成,13.3,-1,5,-1,-1,-1,-1,-1,-1,-1,-1,-1,-1,-1,-1,-1,-1,-1,-1
6227,（ねぎ類）　葉ねぎ　葉　生,4.9,-1,-1,5,-1,-1,-1,-1,-1,-1,-1,-1,-1,-1,-1,-1,-1,200,-1
10056,＜魚類＞　（いわし類）　しらす干し　半乾燥品,1.2,-1,-1,-1,-1,-1,-1,-1,-1,-1,-1,-1,-1,100,-1,-1,-1,-1,-1
10385,＜水産練り製品＞　はんぺん,,-1,-1,70,70,-1,-1,-1,-1,-1,-1,-1,-1,-1,-1,-1,-1,-1,-1
17025,＜調味料類＞　（だし類）　中華だし,48.8,-1,-1,-1,-1,200,-1,-1,5,-1,15,-1,-1,-1,-1,1,-1,-1,-1
17115,＜調味料類＞　（調味ソース類）　ゆずこしょう,,-1,-1,-1,-1,-1,-1,-1,-1,-1,18,-1,-1,-1,-1,-1,-1,-1,-1
10415,＜えび・かに類＞　（えび類）　バナメイえび　養殖　生,2.3,-1,-1,-1,10,-1,-1,-1,-1,-1,-1,-1,-1,-1,-1,-1,-1,-1,-1
13013,＜牛乳及び乳製品＞　（練乳類）　加糖練乳,1.95,-1,-1,-1,-1,-1,-1,-1,-1,-1,20,-1,-1,-1,-1,-1,-1,-1,-1
6228,（ねぎ類）　こねぎ　葉　生,4.9,-1,-1,3,-1,-1,-1,-1,-1,-1,-1,-1,-1,100,-1,-1,-1,-1,-1
1120,こめ　［もち米製品］　白玉粉,3.4,-1,-1,-1,-1,-1,-1,-1,-1,-1,-1,-1,250,-1,-1,-1,-1,-1,-1
6015,えだまめ　生,1.95,-1,-1,3,3,-1,1.5,-1,-1,-1,-1,-1,-1,-1,-1,-1,-1,-1,-1
6278,（みつば類）　糸みつば　葉　生,3.8,-1,-1,-1,-1,-1,-1,-1,-1,-1,-1,-1,-1,-1,-1,-1,-1,30,-1
17059,＜香辛料類＞　からし　練りマスタード,14.34,-1,-1,-1,-1,-1,-1,-1,-1,-1,18,-1,-1,-1,-1,-1,-1,-1,-1
6201,（なばな類）　和種なばな　花らい・茎　生,,-1,-1,5,-1,-1,-1,-1,-1,-1,-1,-1,-1,-1,-1,-1,-1,-1,-1
8013,しいたけ　乾しいたけ　乾,5,-1,-1,5,-1,-1,-1,-1,-1,-1,-1,-1,-1,-1,-1,-1,-1,-1,-1
17051,＜調味料類＞　（ルウ類）　カレールウ,14.34,-1,-1,-1,-1,80,-1,-1,2,-1,6,-1,-1,-1,-1,-1,-1,-1,-1
10388,＜水産練り製品＞　魚肉ソーセージ,,-1,-1,70,-1,-1,-1,-1,-1,-1,-1,-1,-1,-1,-1,-1,-1,-1,-1
11227,＜鳥肉類＞　にわとり　［若どり・副品目］　ささみ　生,7.34,-1,280,-1,28,-1,-1,-1,-1,-1,-1,-1,-1,-1,-1,-1,-1,-1,-1
17082,＜その他＞　酵母　パン酵母　圧搾,,-1,-1,-1,-1,-1,-1,-1,-1,-1,-1,-1,40,-1,-1,-1,-1,-1,-1
17069,＜香辛料類＞　しょうが　おろし,14.34,-1,-1,-1,-1,-1,-1,-1,6,-1,18,-1,-1,-1,-1,-1,-1,-1,-1
7021,うめ　梅漬　調味漬,3.8,-1,-1,-1,20,-1,10,-1,-1,-1,-1,-1,-1,-1,-1,-1,-1,-1,-1
10134,＜魚類＞　（さけ・ます類）　しろさけ　生,1.7,-1,100,-1,-1,-1,50,-1,-1,-1,-1,-1,-1,-1,-1,-1,-1,-1,-1
17101,＜調味料類＞　（調味ソース類）　すし酢　ちらし・稲荷用,,-1,-1,-1,-1,200,100,-1,5,-1,15,-1,-1,-1,-1,-1,-1,-1,-1
9049,てんぐさ　粉寒天,,-1,-1,-1,-1,-1,-1,-1,2,-1,6,-1,-1,-1,-1,-1,-1,-1,-1
17087,＜調味料類＞　（しょうゆ類）　だししょうゆ,2.42,-1,-1,-1,-1,230,115,-1,6,-1,18,-1,-1,-1,-1,1.15,-1,-1,-1
1025,こむぎ　［小麦粉］　プレミックス粉　天ぷら用,2.04,-1,-1,-1,-1,150,75,-1,3,-1,9,-1,200,-1,-1,-1,-1,-1,-1
10281,＜貝類＞　あさり　生,2.3,-1,-1,-1,5,-1,-1,-1,-1,-1,-1,-1,-1,-1,-1,-1,-1,-1,-1
10345,＜いか・たこ類＞　（いか類）　するめいか　生,2.3,-1,-1,400,-1,-1,-1,-1,-1,-1,-1,-1,-1,-1,-1,-1,-1,-1,-1
17077,＜香辛料類＞　バジル　粉,14.34,-1,-1,-1,-1,-1,-1,-1,-1,-1,-1,-1,100,-1,-1,-1,-1,-1,-1
1151,こめ　［水稲穀粒］　精白米　もち米,3.4,-1,-1,-1,-1,-1,-1,-1,-1,-1,-1,-1,-1,-1,-1,-1,-1,-1,150
15079,＜ケーキ・ペストリー類＞　パイ　パイ皮,,-1,-1,-1,900,-1,-1,-1,-1,-1,-1,-1,-1,-1,-1,-1,-1,-1,-1
6382,（その他）　ミックスベジタブル　冷凍,9,-1,-1,-1,-1,-1,-1,-1,-1,-1,-1,-1,350,-1,-1,-1,-1,-1,-1
17030,＜調味料類＞　（だし類）　めんつゆ　三倍濃縮,2.42,-1,-1,-1,-1,230,-1,-1,6,-1,18,-1,-1,-1,-1,1.2,-1,-1,-1
17078,＜香辛料類＞　パセリ　乾,14.34,-1,-1,-1,-1,-1,-1,-1,1,-1,3,-1,-1,-1,-1,-1,-1,-1,-1
10379,＜水産練り製品＞　蒸しかまぼこ,,-1,-1,140,-1,-1,-1,-1,-1,-1,-1,-1,-1,-1,-1,-1,-1,-1,-1
4042,だいず　［豆腐・油揚げ類］　凍り豆腐　乾,2.9,-1,-1,-1,-1,-1,-1,-1,-1,-1,-1,-1,165,-1,-1,-1,-1,-1,-1
16017,＜アルコール飲料類＞　（蒸留酒類）　ブランデー,10,-1,-1,-1,-1,200,100,-1,-1,-1,-1,-1,-1,-1,-1,-1,-1,-1,-1
6099,しゅんぎく　葉　生,5.9,-1,-1,-1,30,-1,15,-1,-1,-1,-1,-1,-1,-1,-1,-1,-1,-1,-1
9039,わかめ　原藻　生,4.8,-1,-1,-1,-1,-1,-1,-1,-1,-1,-1,-1,200,-1,-1,-1,-1,-1,-1
9050,ひじき　ほしひじき　ステンレス釜　乾,4.8,-1,-1,-1,-1,-1,-1,-1,-1,-1,-1,-1,30,-1,-1,-1,-1,-1,-1
17016,＜調味料類＞　（食酢類）　米酢,1.7,-1,-1,-1,-1,200,100,-1,5,-1,15,-1,-1,-1,-1,1,-1,-1,-1
3001,（砂糖類）　黒砂糖,9.4,-1,-1,-1,-1,-1,-1,-1,3,-1,9,-1,300,-1,-1,-1,-1,-1,-1
6038,かぶ　根　皮なし　生,1.8,-1,-1,-1,800,-1,400,-1,-1,-1,-1,-1,-1,-1,-1,-1,-1,-1,-1
1172,こむぎ　［小麦粉］　プレミックス粉　天ぷら用　バッター　揚げ,2.04,-1,-1,-1,-1,150,75,-1,3,-1,9,-1,200,-1,-1,-1,-1,-1,-1
17038,＜調味料類＞　（トマト加工品類）　チリソース,7.39,-1,-1,15,15,-1,7.5,-1,-1,-1,-1,-1,200,-1,-1,-1,-1,-1,-1
17055,＜香辛料類＞　オールスパイス　粉,14.34,-1,-1,-1,-1,-1,-1,-1,-1,-1,-1,-1,30,-1,-1,-1,-1,-1,-1
9040,わかめ　乾燥わかめ　素干し,4.8,-1,-1,-1,-1,-1,-1,-1,-1,-1,-1,-1,33,-1,-1,-1,-1,-1,-1
11286,＜鳥肉類＞　にわとり　［若どり・主品目］　手羽もと　皮つき　生,7.34,-1,-1,-1,50,-1,-1,-1,-1,-1,-1,-1,-1,-1,-1,-1,-1,-1,-1
17109,＜調味料類＞　（調味ソース類）　ホワイトソース,,-1,-1,-1,-1,-1,-1,-1,-1,-1,-1,-1,-1,-1,290,-1,-1,-1,-1
3031,（でん粉糖類）　還元麦芽糖,9.4,-1,-1,-1,-1,-1,-1,-1,3,-1,9,-1,1000,-1,-1,-1,-1,-1,-1
17113,＜調味料類＞　（調味ソース類）　焼き肉のたれ,5.3,-1,-1,300,-1,-1,-1,-1,-1,-1,-1,-1,-1,-1,-1,-1,-1,-1,-1
10397,＜魚類＞　（いわし類）　缶詰　アンチョビ,1.2,-1,-1,5,5,-1,-1,-1,5,-1,15,-1,-1,-1,50,-1,-1,-1,-1
10202,＜魚類＞　（たら類）　すけとうだら　たらこ　生,11,-1,-1,50,-1,-1,-1,-1,-1,-1,-1,-1,-1,-1,-1,-1,-1,-1,-1
17037,＜調味料類＞　（トマト加工品類）　トマトソース,7.39,-1,-1,-1,-1,-1,-1,-1,-1,-1,-1,-1,-1,-1,400,-1,-1,-1,-1
17045,＜調味料類＞　（みそ類）　米みそ　淡色辛みそ,2.69,-1,-1,-1,-1,230,115,-1,6,-1,18,-1,-1,-1,-1,-1,-1,-1,-1
16013,＜アルコール飲料類＞　（醸造酒類）　紹興酒,10,-1,-1,-1,-1,200,100,-1,5,-1,15,-1,-1,-1,-1,1,-1,-1,-1
6315,（レタス類）　サニーレタス　葉　生,3,-1,-1,-1,400,-1,200,-1,-1,-1,-1,-1,-1,-1,-1,-1,-1,-1,-1
17026,＜調味料類＞　（だし類）　洋風だし,48.8,-1,-1,-1,7,200,-1,-1,-1,-1,-1,-1,-1,-1,-1,-1,-1,-1,-1
17024,＜調味料類＞　（だし類）　鶏がらだし,2.42,-1,-1,-1,-1,200,-1,-1,5,-1,15,-1,-1,-1,-1,1,-1,-1,-1
10151,＜魚類＞　（さけ・ます類）　べにざけ　くん製,1.7,-1,10,-1,-1,-1,-1,-1,-1,-1,-1,-1,-1,-1,-1,-1,-1,-1,-1
6149,たけのこ　若茎　生,2,-1,-1,700,700,-1,350,-1,-1,-1,-1,-1,-1,-1,50,-1,-1,-1,-1
14022,（その他）　ショートニング　家庭用,9,-1,-1,-1,-1,-1,-1,-1,4,-1,12,-1,-1,-1,-1,-1,-1,-1,-1
2005,＜いも類＞　こんにゃく　しらたき,20,-1,-1,-1,300,-1,150,-1,-1,-1,-1,-1,300,-1,-1,-1,-1,-1,-1
15113,＜キャンデー類＞　マシュマロ,,-1,-1,-1,-1,-1,-1,-1,-1,-1,-1,-1,100,-1,-1,-1,-1,-1,-1
6160,チンゲンサイ　葉　生,5.9,-1,-1,-1,300,-1,150,-1,-1,-1,-1,-1,-1,-1,-1,-1,-1,-1,-1
1114,こめ　［うるち米製品］　上新粉,3.4,-1,-1,-1,-1,-1,-1,-1,-1,-1,-1,-1,250,-1,-1,-1,-1,-1,-1
17106,＜調味料類＞　（調味ソース類）　テンメンジャン,,-1,-1,-1,-1,230,115,-1,6,-1,18,-1,-1,-1,-1,-1,-1,-1,-1
6180,（とうもろこし類）　スイートコーン　缶詰　ホールカーネルスタイル,2.2,-1,-1,-1,-1,-1,-1,-1,-1,-1,-1,-1,-1,-1,100,-1,-1,-1,-1
17058,＜香辛料類＞　からし　練り,14.34,-1,-1,-1,-1,-1,-1,-1,-1,-1,18,-1,-1,-1,-1,-1,-1,-1,-1
17090,＜調味料類＞　（食酢類）　黒酢,1.7,-1,-1,-1,-1,200,100,-1,5,-1,15,-1,-1,-1,-1,1,-1,-1,-1
6136,（だいこん類）　切干しだいこん　乾,2.8,-1,-1,-1,-1,-1,-1,-1,-1,-1,-1,-1,100,-1,-1,-1,-1,-1,-1
6185,（トマト類）　加工品　トマトジュース　食塩添加,7.82,-1,-1,-1,200,200,100,-1,5,-1,15,-1,-1,-1,200,-1,-1,-1,-1
11285,＜鳥肉類＞　にわとり　［若どり・主品目］　手羽さき　皮つき　生,7.34,-1,-1,-1,60,-1,-1,-1,-1,-1,-1,-1,-1,-1,-1,-1,-1,-1,-1
7040,（かんきつ類）　オレンジ　ネーブル　砂じょう　生,3.8,-1,-1,-1,160,-1,-1,-1,-1,-1,-1,-1,-1,-1,-1,-1,-1,-1,-1
17072,＜香辛料類＞　チリパウダー,14.34,-1,-1,-1,-1,-1,-1,-1,2,-1,6,-1,10,-1,-1,-1,-1,-1,-1
13056,＜牛乳及び乳製品＞　（チーズ類）　ナチュラルチーズ　モッツァレラ,1.95,-1,-1,-1,-1,-1,-1,-1,-1,-1,-1,-1,100,-1,-1,-1,-1,-1,-1
4004,あずき　あん　こし生あん,5.1,-1,-1,-1,-1,-1,-1,-1,-1,-1,-1,-1,350,-1,-1,-1,-1,-1,-1
6130,（だいこん類）　だいこん　葉　生,2.8,-1,-1,-1,-1,-1,-1,-1,-1,-1,-1,-1,-1,-1,-1,-1,-1,200,-1
13017,＜牛乳及び乳製品＞　（クリーム類）　ホイップクリーム　乳脂肪,9.5,-1,-1,-1,-1,-1,-1,-1,-1,-1,-1,-1,-1,200,-1,-1,-1,-1,-1
1031,こむぎ　［パン類］　フランスパン,5,-1,-1,350,350,-1,-1,-1,-1,-1,-1,-1,380,-1,-1,-1,-1,-1,-1
6128,（だいこん類）　かいわれだいこん　芽ばえ　生,5,-1,-1,-1,70,-1,35,-1,-1,-1,-1,-1,70,-1,-1,-1,-1,70,-1
15097,＜ビスケット類＞　ビスケット　ハードビスケット,,-1,-1,-1,5,-1,-1,-1,-1,-1,-1,-1,-1,-1,-1,-1,-1,-1,-1
6093,ししとう　果実　生,14.34,-1,-1,-1,8,-1,-1,-1,-1,-1,-1,-1,-1,-1,0,-1,-1,-1,-1
7158,ココナッツ　ココナッツミルク,,-1,-1,-1,-1,200,-1,-1,5,-1,15,-1,-1,-1,400,-1,-1,-1,-1
17017,＜調味料類＞　（食酢類）　果実酢　ぶどう酢,1.7,-1,-1,-1,-1,200,100,-1,5,-1,15,-1,-1,-1,-1,1,-1,-1,-1
1004,えんばく　オートミール,,-1,-1,-1,-1,150,75,-1,5,-1,10,50,100,-1,-1,-1,-1,-1,150
6020,（えんどう類）　さやえんどう　若ざや　生,3.8,-1,-1,6,-1,-1,3,-1,-1,-1,-1,-1,25,-1,-1,-1,-1,-1,-1
17013,＜調味料類＞　（食塩類）　並塩,1.5,-1,-1,-1,-1,-1,-1,1,6,-1,18,-1,1000,-1,-1,-1,-1,-1,-1
6178,（とうもろこし類）　スイートコーン　未熟種子　カーネル　冷凍,2.2,-1,-1,-1,-1,-1,-1,-1,-1,-1,-1,-1,500,-1,-1,-1,-1,-1,-1
7049,かき　甘がき　生,,-1,-1,-1,240,-1,-1,-1,-1,-1,-1,-1,-1,-1,-1,-1,-1,-1,-1
10292,＜貝類＞　かき　養殖　生,3.8,-1,-1,-1,-1,-1,-1,-1,-1,-1,-1,-1,-1,-1,-1,-1,13,-1,-1
6151,たけのこ　水煮缶詰,2,-1,-1,-1,-1,-1,-1,-1,-1,-1,-1,-1,-1,-1,100,-1,-1,-1,-1
10173,＜魚類＞　さんま　皮つき　生,1.2,-1,-1,150,-1,-1,-1,-1,-1,-1,-1,-1,-1,-1,-1,-1,-1,-1,-1
6022,（えんどう類）　スナップえんどう　若ざや　生,3.8,-1,-1,5,-1,-1,5,-1,-1,-1,-1,-1,-1,-1,-1,-1,-1,-1,-1
3027,（でん粉糖類）　異性化液糖　果糖ぶどう糖液糖,9.4,-1,-1,-1,-1,200,-1,-1,5,-1,15,-1,-1,-1,-1,-1,-1,-1,-1
6054,カリフラワー　花序　生,5,-1,-1,-1,350,-1,175,-1,-1,-1,-1,-1,-1,-1,-1,-1,-1,175,-1
8020,なめこ　株採り　生,5,-1,-1,-1,-1,-1,-1,-1,-1,-1,-1,-1,100,-1,-1,-1,-1,-1,-1
15138,＜その他＞　カスタードクリーム,,-1,-1,-1,100,-1,-1,-1,-1,-1,-1,-1,-1,-1,-1,-1,-1,-1,-1
1117,こめ　［もち米製品］　もち,3.4,-1,-1,-1,30,-1,-1,-1,-1,-1,-1,-1,-1,-1,-1,-1,-1,-1,-1
7054,キウイフルーツ　緑肉種　生,3.8,-1,-1,-1,100,-1,-1,-1,-1,-1,-1,-1,-1,-1,-1,-1,-1,-1,-1
15133,＜ケーキ・ペストリー類＞　タルト　（洋菓子）,,-1,-1,-1,130,-1,-1,-1,-1,-1,-1,-1,-1,-1,-1,-1,-1,-1,-1
6019,（えんどう類）　トウミョウ　茎葉　生,3.8,-1,-1,-1,-1,-1,2.5,-1,-1,-1,-1,-1,-1,-1,-1,-1,-1,-1,-1
6104,（しょうが類）　しょうが　漬物　酢漬,3,-1,-1,-1,-1,-1,-1,-1,-1,-1,-1,-1,60,-1,-1,-1,-1,-1,-1
4106,だいず　［全粒・全粒製品］　全粒　黒大豆　国産　ゆで,2.9,-1,-1,-1,-1,145,-1,-1,-1,-1,-1,-1,-1,-1,-1,-1,-1,-1,-1
18041,洋風料理　カレー類　ポークカレー,,-1,-1,-1,180,180,-1,-1,-1,-1,-1,-1,180,180,180,-1,-1,-1,-1
7062,（かんきつ類）　グレープフルーツ　白肉種　砂じょう　生,3.8,-1,-1,-1,300,-1,-1,-1,-1,-1,-1,-1,-1,-1,-1,-1,-1,-1,-1
17034,＜調味料類＞　（トマト加工品類）　トマトピューレー,7.39,-1,-1,-1,-1,-1,-1,-1,6,-1,-1,-1,-1,-1,-1,-1,-1,-1,-1
10438,＜魚類＞　（さけ・ます類）　たいせいようさけ　養殖　皮なし　生,1.7,-1,-1,-1,-1,200,100,-1,-1,-1,-1,-1,-1,-1,-1,-1,-1,-1,-1
6293,モロヘイヤ　茎葉　生,3.8,-1,-1,-1,-1,-1,-1,-1,-1,-1,-1,-1,-1,-1,-1,-1,-1,100,-1
7124,ブルーベリー　生,3.8,-1,-1,-1,1,-1,-1,-1,-1,-1,-1,-1,-1,-1,-1,-1,-1,-1,-1
17071,＜香辛料類＞　タイム　粉,14.34,-1,-1,-1,-1,-1,-1,-1,-1,-1,-1,-1,10,-1,-1,-1,-1,-1,-1
10431,＜えび・かに類＞　（えび類）　さくらえび　生,2.3,-1,-1,-1,-1,-1,-1,-1,-1,-1,3,-1,-1,-1,-1,-1,-1,-1,-1
11189,＜畜肉類＞　ぶた　［ソーセージ類］　フランクフルトソーセージ,49,-1,-1,-1,-1,-1,-1,-1,-1,-1,-1,-1,200,-1,-1,-1,-1,-1,-1
6366,（しょうが類）　しょうが　根茎　皮なし　生　おろし汁,3,-1,-1,-1,-1,200,-1,-1,5,-1,15,-1,-1,-1,-1,-1,-1,-1,-1
11233,＜鳥肉類＞　にわとり　［副品目］　すなぎも　生,7.34,-1,-1,-1,15,-1,-1,-1,-1,-1,-1,-1,-1,-1,-1,-1,-1,-1,-1
17003,＜調味料類＞　（ウスターソース類）　濃厚ソース,5.33,-1,-1,-1,-1,-1,-1,-1,6,-1,18,-1,-1,-1,-1,-1,-1,-1,-1
17053,＜調味料類＞　（その他）　酒かす,,-1,-1,-1,-1,-1,-1,-1,-1,-1,15,-1,-1,-1,-1,-1,-1,-1,-1
3009,（砂糖類）　加工糖　氷砂糖,9.4,-1,-1,-1,-1,-1,-1,-1,3,-1,9,-1,500,-1,-1,-1,-1,-1,-1
15115,＜チョコレート類＞　ホワイトチョコレート,,-1,50,-1,-1,-1,-1,-1,-1,-1,-1,-1,-1,-1,-1,-1,-1,-1,-1
17033,＜調味料類＞　（調味ソース類）　ミートソース,,-1,-1,-1,-1,-1,-1,-1,-1,-1,-1,-1,180,-1,-1,-1,-1,-1,-1
10328,＜えび・かに類＞　（えび類）　しばえび　生,2.3,-1,-1,-1,1.5,-1,-1,-1,-1,-1,-1,-1,-1,-1,-1,-1,-1,-1,-1
3029,（その他）　黒蜜,9,-1,-1,-1,-1,-1,-1,-1,7,-1,21,-1,-1,-1,-1,1.4,-1,-1,-1
17141,＜調味料類＞　（だし類）　めんつゆ　二倍濃縮,2.42,-1,-1,-1,-1,230,-1,-1,6,-1,18,-1,-1,-1,-1,1.2,-1,-1,-1
17085,＜調味料類＞　（ウスターソース類）　お好み焼きソース,5.33,-1,-1,-1,-1,-1,-1,-1,6,-1,18,-1,-1,-1,-1,-1,-1,-1,-1
6173,とうがん　果実　生,3.8,-1,-1,-1,3000,-1,1500,-1,-1,-1,-1,-1,-1,-1,-1,-1,-1,-1,-1
13034,＜牛乳及び乳製品＞　（チーズ類）　ナチュラルチーズ　カマンベール,1.95,-1,-1,-1,-1,-1,-1,-1,-1,-1,-1,-1,100,-1,-1,-1,-1,-1,-1
7019,うめ　生,3.8,-1,-1,-1,20,-1,10,-1,-1,-1,-1,-1,-1,-1,-1,-1,-1,-1,-1
17136,＜調味料類＞　（その他）　キムチの素,,-1,-1,-1,-1,-1,-1,-1,-1,-1,-1,-1,-1,-1,620,-1,-1,-1,-1
11235,＜鳥肉類＞　にわとり　［副品目］　皮　もも　生,7.34,-1,40,-1,-1,-1,-1,-1,-1,-1,-1,-1,-1,-1,-1,-1,-1,-1,-1
11089,＜畜肉類＞　うし　［ひき肉］　生,49,-1,15,-1,-1,-1,-1,-1,-1,-1,-1,200,-1,-1,-1,-1,-1,-1,-1
1047,こむぎ　［中華めん類］　中華めん　生,2.04,-1,-1,-1,130,-1,-1,-1,-1,-1,-1,-1,150,-1,-1,-1,-1,-1,-1
13042,＜牛乳及び乳製品＞　（アイスクリーム類）　アイスクリーム　高脂肪,9.5,-1,-1,-1,100,-1,-1,-1,-1,-1,-1,-1,-1,-1,-1,-1,-1,-1,-1
4028,だいず　［全粒・全粒製品］　水煮缶詰　黄大豆,2.9,-1,-1,-1,-1,-1,-1,-1,-1,-1,-1,-1,-1,-1,190,-1,-1,-1,-1
5010,（くり類）　日本ぐり　生,3.8,-1,-1,-1,30,-1,-1,-1,-1,-1,-1,-1,-1,-1,-1,-1,-1,-1,-1
10092,＜魚類＞　（かつお類）　加工品　削り節,2.3,-1,-1,-1,-1,-1,-1,-1,-1,-1,-1,-1,80,-1,-1,-1,-1,-1,-1
10386,＜水産練り製品＞　さつま揚げ,,-1,60,-1,-1,-1,-1,-1,-1,-1,-1,-1,-1,-1,-1,-1,-1,-1,-1
3024,（でん粉糖類）　水あめ　酵素糖化,9.4,-1,-1,-1,-1,-1,-1,-1,7,-1,21,-1,-1,-1,-1,1.4,-1,-1,-1
13033,＜牛乳及び乳製品＞　（チーズ類）　ナチュラルチーズ　カテージ,1.95,-1,-1,-1,-1,-1,-1,-1,-1,-1,-1,-1,100,-1,-1,-1,-1,-1,-1
6003,あさつき　葉　生,4.8,-1,-1,-1,-1,-1,-1,-1,-1,-1,-1,-1,-1,-1,-1,-1,-1,30,-1
5032,まつ　生,5,-1,-1,-1,-1,-1,-1,-1,-1,-1,-1,-1,500,-1,-1,-1,-1,-1,-1
8006,（きくらげ類）　きくらげ　乾,3.8,-1,-1,-1,-1,-1,-1,-1,-1,-1,-1,-1,15,-1,-1,-1,-1,-1,-1
10361,＜いか・たこ類＞　（たこ類）　まだこ　生,2.3,-1,-1,-1,-1,-1,-1,-1,-1,-1,-1,-1,-1,-1,-1,-1,60,-1,-1
6088,ザーサイ　漬物,5,-1,-1,-1,-1,-1,-1,-1,-1,-1,-1,-1,120,-1,-1,-1,-1,-1,-1
6385,コリアンダー　葉　生,1.5,-1,-1,-1,-1,-1,-1,-1,-1,-1,12,-1,-1,-1,-1,-1,-1,-1,-1
11232,＜鳥肉類＞　にわとり　［副品目］　肝臓　生,7.34,-1,-1,-1,15,-1,-1,-1,-1,-1,-1,-1,-1,-1,-1,-1,-1,-1,-1
6320,わけぎ　葉　生,4.91,-1,-1,3,-1,-1,-1,-1,-1,-1,-1,-1,-1,-1,-1,-1,-1,-1,-1
4001,あずき　全粒　乾,5.1,-1,-1,-1,-1,-1,-1,-1,-1,-1,-1,-1,-1,-1,400,-1,-1,-1,-1
7046,（かんきつ類）　オレンジ　バレンシア　マーマレード　高糖度,3.8,-1,-1,-1,-1,-1,-1,-1,-1,-1,-1,-1,-1,150,-1,-1,-1,-1,-1
7044,（かんきつ類）　オレンジ　バレンシア　果実飲料　50%果汁入り飲料,3.8,-1,-1,-1,-1,-1,-1,-1,-1,-1,-1,-1,-1,-1,185,-1,-1,-1,-1
1018,こむぎ　［小麦粉］　中力粉　1等,2.04,-1,-1,-1,-1,150,75,-1,3,-1,9,-1,200,-1,-1,-1,-1,-1,-1
1036,こむぎ　［パン類］　イングリッシュマフィン,5,-1,-1,-1,60,-1,-1,-1,-1,-1,-1,-1,-1,-1,-1,-1,-1,-1,-1
7125,ブルーベリー　ジャム,3.8,-1,-1,-1,-1,-1,-1,-1,-1,-1,-1,-1,-1,150,-1,-1,-1,-1,-1
12022,鶏卵　全卵　いり,6.3,-1,-1,-1,60,-1,30,-1,-1,-1,-1,-1,-1,-1,-1,-1,-1,-1,-1
16054,＜その他＞　（炭酸飲料類）　サイダー,,-1,-1,-1,-1,200,-1,-1,-1,-1,-1,-1,-1,-1,-1,-1,-1,-1,-1
4066,ひよこまめ　全粒　ゆで,2,-1,-1,-1,-1,240,-1,-1,-1,-1,-1,-1,-1,-1,-1,-1,-1,-1,-1
6313,（レタス類）　サラダな　葉　生,3,-1,-1,-1,-1,-1,-1,-1,-1,-1,-1,-1,-1,-1,-1,-1,-1,200,-1
10311,＜貝類＞　ほたてがい　生,1.4,-1,-1,-1,40,-1,-1,-1,-1,-1,-1,-1,-1,-1,-1,-1,-1,-1,-1
17132,＜調味料類＞　（だし類）　昆布だし　煮出し,48.8,-1,-1,-1,-1,200,-1,-1,5,-1,15,-1,-1,-1,-1,-1,-1,-1,-1
17039,＜調味料類＞　（ドレッシング類）　分離液状ドレッシング　和風ドレッシングタイプ調味料　ノンオイルタイプ,,-1,-1,-1,-1,-1,-1,-1,5,-1,15,-1,-1,-1,-1,-1,-1,-1,-1
14008,（植物油脂類）　なたね油,8.04,-1,-1,-1,-1,-1,-1,-1,4,-1,12,-1,-1,-1,-1,-1,-1,-1,-1
6319,ルッコラ　葉　生,,-1,3,-1,-1,-1,-1,-1,-1,-1,-1,-1,-1,-1,-1,-1,-1,-1,-1
18050,洋風料理　ハンバーグステーキ類　合いびきハンバーグ,,#N/A,#N/A,#N/A,#N/A,#N/A,#N/A,#N/A,#N/A,#N/A,#N/A,#N/A,#N/A,#N/A,#N/A,#N/A,#N/A,#N/A,#N/A
11215,＜鳥肉類＞　にわとり　［親・主品目］　もも　皮つき　生,7.34,-1,280,-1,28,-1,-1,-1,-1,-1,-1,-1,-1,-1,-1,-1,-1,-1,-1
17019,＜調味料類＞　（だし類）　かつおだし　荒節,48.8,-1,-1,-1,-1,200,-1,-1,5,-1,15,-1,-1,-1,-1,-1,-1,-1,-1
10450,＜魚類＞　（まぐろ類）　くろまぐろ　養殖　赤身　生,1.2,-1,200,200000,-1,-1,-1,-1,-1,-1,-1,-1,-1,-1,-1,-1,-1,-1,-1
6023,（えんどう類）　グリンピース　生,3.8,-1,-1,-1,-1,170,-1,-1,-1,-1,-1,-1,190,-1,-1,-1,-1,-1,-1
1049,こむぎ　［中華めん類］　蒸し中華めん　蒸し中華めん,2.04,-1,-1,-1,130,-1,-1,-1,-1,-1,-1,-1,150,-1,-1,-1,-1,-1,-1
17079,＜香辛料類＞　パプリカ　粉,14.34,-1,-1,-1,-1,-1,-1,-1,3,-1,6,-1,-1,-1,-1,-1,-1,-1,-1
13037,＜牛乳及び乳製品＞　（チーズ類）　ナチュラルチーズ　チェダー,1.95,-1,-1,-1,-1,-1,-1,-1,-1,-1,-1,-1,100,-1,-1,-1,-1,-1,-1
17035,＜調味料類＞　（トマト加工品類）　トマトペースト,7.39,-1,-1,-1,-1,-1,-1,-1,6,-1,-1,-1,-1,-1,-1,-1,-1,-1,-1
6077,クレソン　茎葉　生,,-1,-1,-1,-1,-1,-1,-1,-1,-1,-1,-1,-1,-1,-1,-1,-1,50,-1
7142,（かんきつ類）　ゆず　果皮　生,3.8,-1,-1,-1,180,-1,-1,-1,-1,-1,-1,-1,-1,-1,-1,-1,-1,-1,-1
11064,＜畜肉類＞　うし　［輸入牛肉］　かたロース　脂身つき　生,49,-1,30,-1,-1,-1,15,-1,-1,-1,-1,200,-1,-1,-1,-1,-1,-1,-1
12002,うずら卵　全卵　生,6.3,-1,-1,-1,12,-1,6,-1,-1,-1,-1,-1,-1,-1,-1,-1,-1,-1,-1
9021,（こんぶ類）　削り昆布,16.5,-1,-1,-1,-1,-1,-1,-1,-1,-1,-1,-1,50,-1,-1,-1,-1,-1,-1
7136,（もも類）　もも　白肉種　生,3.8,-1,-1,-1,200,-1,-1,-1,-1,-1,-1,-1,-1,-1,-1,-1,-1,-1,-1
1137,とうもろこし　コーンフレーク,2.2,-1,-1,-1,-1,40,-1,-1,-1,-1,-1,-1,-1,-1,-1,-1,-1,-1,-1
6249,（ピーマン類）　黄ピーマン　果実　生,8.61,-1,-1,-1,40,-1,20,-1,-1,-1,-1,-1,-1,-1,-1,-1,-1,-1,-1
6124,そらまめ　未熟豆　生,3.8,#N/A,#N/A,#N/A,#N/A,#N/A,#N/A,#N/A,#N/A,#N/A,#N/A,#N/A,#N/A,#N/A,#N/A,#N/A,#N/A,#N/A,#N/A
11217,＜鳥肉類＞　にわとり　［親・副品目］　ささみ　生,7.34,-1,-1,50,-1,-1,-1,-1,-1,-1,-1,-1,-1,-1,-1,-1,-1,-1,-1
6132,（だいこん類）　だいこん　根　皮つき　生,2.8,-1,-1,1000,1000,-1,500,-1,-1,-1,-1,-1,-1,-1,-1,-1,-1,-1,-1
5005,カシューナッツ　フライ　味付け,,-1,-1,-1,-1,120,-1,-1,-1,-1,-1,-1,-1,-1,-1,-1,-1,-1,-1
1085,こめ　［水稲めし］　玄米,3.4,-1,-1,-1,-1,160,-1,-1,-1,-1,-1,-1,-1,-1,-1,-1,-1,-1,150
6224,（にんにく類）　茎にんにく　花茎　生,3.8,-1,-1,5,-1,-1,-1,-1,-1,-1,-1,-1,-1,-1,-1,-1,-1,-1,-1
4101,あずき　あん　こし練りあん　（並あん）,5.1,-1,-1,-1,-1,-1,-1,-1,7,-1,20,-1,-1,-1,-1,-1,-1,-1,-1
17066,＜香辛料類＞　さんしょう　粉,14.34,-1,-1,-1,-1,-1,-1,-1,-1,-1,6,-1,-1,-1,15,-1,-1,-1,-1
15074,＜ケーキ・ペストリー類＞　スポンジケーキ,,-1,-1,-1,250,-1,-1,-1,-1,-1,-1,-1,-1,-1,-1,-1,-1,-1,-1
17018,＜調味料類＞　（食酢類）　果実酢　りんご酢,1.7,-1,-1,-1,-1,200,100,-1,-1,-1,-1,-1,-1,-1,-1,-1,-1,-1,-1
1169,こめ　［うるち米製品］　ライスペーパー,3.4,-1,10,-1,-1,-1,-1,-1,-1,-1,-1,-1,-1,-1,-1,-1,-1,-1,-1
7041,（かんきつ類）　オレンジ　バレンシア　米国産　砂じょう　生,3.8,-1,-1,-1,160,-1,-1,-1,-1,-1,-1,-1,-1,-1,-1,-1,-1,-1,-1
10139,＜魚類＞　（さけ・ます類）　しろさけ　塩ざけ,1.7,-1,70,-1,-1,-1,-1,-1,-1,-1,-1,-1,-1,-1,-1,-1,-1,-1,-1
17105,＜調味料類＞　（調味ソース類）　デミグラスソース,,-1,-1,-1,-1,200,100,-1,-1,-1,-1,-1,-1,-1,-1,-1,-1,-1,-1
4023,だいず　［全粒・全粒製品］　全粒　黄大豆　国産　乾,2.9,-1,-1,-1,-1,-1,-1,-1,-1,-1,-1,-1,-1,-1,500,-1,-1,-1,-1
10140,＜魚類＞　（さけ・ます類）　しろさけ　イクラ,1.7,-1,100,-1,-1,-1,50,-1,-1,-1,-1,-1,-1,-1,-1,-1,-1,-1,-1
6399,（その他）　野菜ミックスジュース　通常タイプ,,-1,-1,-1,-1,-1,-1,-1,-1,-1,-1,-1,-1,-1,185,-1,-1,-1,-1
10330,＜えび・かに類＞　（えび類）　加工品　干しえび,2.3,#N/A,#N/A,#N/A,#N/A,#N/A,#N/A,#N/A,#N/A,#N/A,#N/A,#N/A,#N/A,#N/A,#N/A,#N/A,#N/A,#N/A,#N/A
17062,＜香辛料類＞　クローブ　粉,14.34,-1,-1,-1,-1,-1,-1,-1,-1,-1,10,-1,-1,-1,-1,-1,-1,-1,-1
5042,ごま　ねり,,-1,-1,160,-1,-1,-1,-1,5,-1,15,-1,-1,-1,-1,1.05,-1,-1,-1
5012,（くり類）　日本ぐり　甘露煮,3.8,#N/A,#N/A,#N/A,#N/A,#N/A,#N/A,#N/A,#N/A,#N/A,#N/A,#N/A,#N/A,#N/A,#N/A,#N/A,#N/A,#N/A,#N/A
7014,いちご　ジャム　低糖度,8.32,-1,-1,-1,-1,-1,-1,-1,-1,-1,-1,-1,-1,150,-1,-1,-1,-1,-1
6139,（だいこん類）　漬物　たくあん漬　干しだいこん漬,2.8,-1,-1,100,-1,-1,50,-1,-1,-1,-1,-1,-1,-1,-1,-1,-1,-1,-1
6386,（しょうが類）　新しょうが　根茎　生,3,-1,-1,-1,50,-1,-1,-1,6,-1,18,-1,-1,-1,-1,-1,-1,-1,-1
15093,＜ビスケット類＞　クラッカー　オイルスプレークラッカー,,-1,-1,-1,5,-1,-1,-1,-1,-1,-1,-1,-1,-1,-1,-1,-1,-1,-1
4089,だいず　［その他］　おから　乾燥,2.9,-1,-1,-1,-1,-1,-1,-1,-1,-1,-1,-1,120,-1,-1,-1,-1,-1,-1
9005,あまのり　味付けのり,4.8,-1,3,-1,-1,-1,-1,-1,-1,-1,-1,-1,-1,-1,-1,-1,-1,100,-1
7097,パインアップル　生,3.8,-1,-1,-1,900,-1,-1,-1,-1,-1,-1,-1,-1,-1,-1,-1,-1,-1,-1
1129,そば　干しそば　乾,2.04,-1,-1,-1,-1,-1,-1,-1,-1,-1,-1,-1,200,-1,-1,-1,-1,50,-1
7037,オリーブ　塩漬　グリーンオリーブ,8.04,-1,-1,-1,-1,-1,-1,-1,4,-1,12,-1,-1,-1,-1,-1,-1,-1,-1
7088,（なし類）　日本なし　生,3.8,-1,-1,-1,250,-1,-1,-1,-1,-1,-1,-1,-1,-1,-1,-1,-1,-1,-1
16044,＜茶類＞　（発酵茶類）　紅茶　浸出液,6.3,-1,-1,-1,-1,200,-1,-1,5,-1,15,-1,-1,-1,-1,-1,-1,-1,-1
14028,（植物油脂類）　ぶどう油,8.04,-1,-1,-1,-1,-1,-1,-1,4,-1,12,-1,-1,-1,-1,-1,-1,-1,-1
5034,らっかせい　大粒種　乾,3.8,-1,-1,-1,-1,120,-1,-1,-1,-1,-1,-1,-1,-1,-1,-1,-1,-1,-1
1142,ライむぎ　全粒粉,3.7,-1,-1,-1,-1,150,-1,-1,-1,-1,-1,-1,500,-1,-1,-1,-1,-1,-1
16045,＜コーヒー・ココア類＞　コーヒー　浸出液,12.8,-1,-1,-1,-1,-1,-1,-1,-1,-1,-1,-1,150,-1,-1,-1,-1,-1,-1
1075,こむぎ　［その他］　しゅうまいの皮　生,2.04,-1,-1,-1,-1,-1,-1,-1,-1,-1,-1,-1,150,-1,-1,-1,-1,-1,-1
11105,＜畜肉類＞　うし　［加工品］　コンビーフ缶詰,49,-1,-1,-1,-1,-1,-1,-1,-1,-1,-1,100,-1,-1,80,-1,-1,-1,-1
6171,とうがらし　果実　生,14.34,#N/A,#N/A,#N/A,#N/A,#N/A,#N/A,#N/A,#N/A,#N/A,#N/A,#N/A,#N/A,#N/A,#N/A,#N/A,#N/A,#N/A,#N/A
17117,＜調味料類＞　（ドレッシング類）　乳化液状ドレッシング　ごまドレッシング,,-1,-1,-1,-1,-1,-1,-1,-1,-1,15,-1,-1,-1,-1,-1,-1,-1,-1
13021,＜牛乳及び乳製品＞　（クリーム類）　コーヒーホワイトナー　液状　乳脂肪・植物性脂肪,9.5,-1,-1,-1,-1,200,-1,-1,5,-1,15,-1,-1,-1,-1,1.05,-1,-1,-1
1146,こむぎ　［小麦粉］　プレミックス粉　お好み焼き用,2.04,-1,-1,-1,-1,-1,-1,-1,-1,-1,-1,-1,680,-1,-1,-1,-1,-1,-1
17149,＜調味料類＞　（ドレッシング類）　乳化液状ドレッシング　フレンチドレッシング　乳化液状,,-1,-1,-1,-1,-1,-1,-1,5,-1,15,-1,-1,-1,-1,-1,-1,-1,-1
10154,＜魚類＞　（さば類）　まさば　生,1.2,-1,120,-1,-1,-1,-1,-1,-1,-1,-1,-1,-1,-1,-1,-1,-1,-1,-1
7029,（かんきつ類）　うんしゅうみかん　砂じょう　普通　生,3.8,-1,-1,-1,100,-1,-1,-1,-1,-1,-1,-1,-1,-1,-1,-1,-1,-1,-1
10241,＜魚類＞　ぶり　成魚　生,1.9,-1,100,-1,-1,-1,50,-1,-1,-1,-1,-1,-1,-1,-1,-1,-1,-1,-1
1076,こむぎ　［その他］　ピザ生地,2.04,-1,180,-1,-1,-1,-1,-1,-1,-1,-1,-1,-1,-1,-1,-1,-1,-1,-1
6322,わさび　根茎　生,7.39,-1,-1,-1,-1,-1,-1,-1,-1,-1,-1,-1,100,-1,-1,-1,-1,-1,-1
17111,＜調味料類＞　（調味ソース類）　マリネ液,,-1,-1,-1,-1,200,100,-1,5,-1,15,-1,-1,-1,-1,-1,-1,-1,-1
17064,＜香辛料類＞　こしょう　白　粉,10,-1,-1,-1,-1,-1,-1,-1,2,-1,6,-1,-1,-1,100,-1,-1,-1,-1
6287,（もやし類）　だいずもやし　生,5,-1,-1,-1,-1,-1,125,-1,-1,-1,-1,-1,250,-1,-1,-1,-1,-1,-1
16022,＜アルコール飲料類＞　（混成酒類）　梅酒,10,-1,-1,-1,-1,200,100,-1,-1,-1,-1,-1,-1,-1,-1,-1,-1,-1,-1
10047,＜魚類＞　（いわし類）　まいわし　生,1.2,-1,-1,100,-1,-1,50,-1,-1,-1,-1,-1,-1,-1,-1,-1,-1,-1,-1
6017,えだまめ　冷凍,1.95,-1,-1,-1,-1,-1,-1,-1,-1,-1,-1,-1,400,-1,-1,-1,-1,-1,-1
4053,だいず　［その他］　豆乳　調製豆乳,2.9,-1,-1,-1,-1,200,-1,-1,5,-1,15,-1,-1,-1,-1,1.05,-1,-1,-1
1039,こむぎ　［うどん・そうめん類］　うどん　ゆで,2.04,-1,-1,-1,150,-1,-1,-1,-1,-1,-1,-1,200,-1,-1,-1,-1,100,-1
6370,（トマト類）　ドライトマト,7.14,-1,-1,-1,-1,-1,-1,-1,-1,-1,-1,-1,200,-1,-1,-1,-1,-1,-1
15001,＜和生菓子・和半生菓子類＞　甘納豆　あずき,,-1,-1,-1,-1,-1,-1,-1,-1,-1,-1,-1,20,-1,-1,-1,-1,-1,-1
10199,＜魚類＞　（たら類）　すけとうだら　生,11,-1,80,770,-1,-1,-1,-1,-1,-1,-1,-1,-1,-1,-1,-1,-1,-1,-1
5037,らっかせい　ピーナッツバター,3.8,-1,-1,-1,-1,-1,-1,-1,4,-1,12,-1,-1,-1,-1,-1,-1,-1,-1
1079,こむぎ　［その他］　パン粉　乾燥,2.04,-1,-1,-1,-1,-1,-1,-1,1,-1,-1,-1,200,-1,-1,-1,-1,-1,-1
11101,＜畜肉類＞　うし　［副生物］　腱　ゆで,49,-1,30,-1,-1,-1,15,-1,-1,-1,-1,200,-1,-1,-1,-1,-1,-1,-1
14033,（マーガリン類）　マーガリン　家庭用　無塩,8.04,-1,-1,-1,-1,-1,-1,-1,4,-1,12,-1,-1,-1,-1,-1,-1,-1,-1
6349,（にんにく類）　にんにく　りん茎　油いため,3.8,#N/A,#N/A,#N/A,#N/A,#N/A,#N/A,#N/A,#N/A,#N/A,#N/A,#N/A,#N/A,#N/A,#N/A,#N/A,#N/A,#N/A,#N/A
11130,＜畜肉類＞　ぶた　［大型種肉］　もも　脂身つき　生,13.3,-1,-1,-1,-1,-1,-1,-1,-1,-1,-1,200,-1,-1,-1,-1,-1,-1,-1
6276,（みつば類）　根みつば　葉　生,3.8,-1,-1,-1,-1,-1,-1,-1,-1,-1,-1,-1,-1,40,-1,-1,-1,80,-1
1066,こむぎ　［ふ類］　焼きふ　釜焼きふ,2.04,-1,-1,-1,-1,-1,-1,-1,-1,-1,-1,-1,70,-1,-1,-1,-1,-1,-1
9047,わかめ　めかぶわかめ　生,4.8,-1,-1,-1,-1,-1,-1,-1,-1,-1,-1,-1,-1,50,-1,-1,-1,-1,-1
6070,きゅうり　漬物　ピクルス　サワー型,5.73,#N/A,#N/A,#N/A,#N/A,#N/A,#N/A,#N/A,#N/A,#N/A,#N/A,#N/A,#N/A,#N/A,#N/A,#N/A,#N/A,#N/A,#N/A
10055,＜魚類＞　（いわし類）　しらす干し　微乾燥品,1.2,-1,-1,-1,-1,-1,-1,-1,-1,-1,-1,-1,-1,100,-1,-1,-1,-1,-1
7038,オリーブ　塩漬　ブラックオリーブ,8.04,#N/A,#N/A,#N/A,#N/A,#N/A,#N/A,#N/A,#N/A,#N/A,#N/A,#N/A,#N/A,#N/A,#N/A,#N/A,#N/A,#N/A,#N/A
12018,鶏卵　たまご焼　厚焼きたまご,6.3,-1,-1,-1,60,-1,30,-1,-1,-1,-1,-1,-1,-1,-1,-1,-1,-1,-1
6034,かぶ　葉　生,1.8,-1,-1,-1,800,-1,400,-1,-1,-1,-1,-1,-1,-1,-1,-1,-1,-1,-1
10340,＜えび・かに類＞　（かに類）　たらばがに　水煮缶詰,2.3,-1,-1,-1,800,-1,-1,-1,-1,-1,-1,-1,-1,-1,-1,-1,-1,-1,-1
5019,ごま　むき,,-1,-1,-1,-1,120,-1,-1,2,-1,7,-1,-1,-1,-1,-1,-1,-1,-1
4006,あずき　あん　つぶし練りあん,5.1,-1,-1,-1,-1,-1,-1,-1,-1,-1,-1,-1,350,-1,-1,-1,-1,-1,-1
17094,＜調味料類＞　（調味ソース類）　甘酢,,-1,-1,-1,-1,200,100,-1,5,-1,15,-1,-1,-1,-1,1,-1,-1,-1
6156,（たまねぎ類）　赤たまねぎ　りん茎　生,2.8,-1,-1,-1,200,-1,100,-1,-1,-1,-1,-1,-1,-1,-1,-1,-1,-1,-1
7078,（かんきつ類）　すだち　果皮　生,3.8,-1,-1,-1,30,-1,-1,-1,-1,-1,-1,-1,-1,-1,-1,-1,-1,-1,-1
1111,こめ　［うるち米製品］　おにぎり,3.4,-1,-1,-1,100,-1,-1,-1,-1,-1,-1,-1,-1,-1,-1,-1,-1,-1,0.3
4038,だいず　［豆腐・油揚げ類］　焼き豆腐,2.9,-1,-1,-1,250,-1,-1,-1,-1,-1,-1,-1,-1,-1,-1,-1,-1,-1,-1
2040,＜でん粉・でん粉製品＞　（でん粉製品）　はるさめ　普通はるさめ　乾,2.04,-1,-1,-1,-1,-1,-1,-1,-1,-1,-1,-1,100,-1,-1,-1,-1,-1,-1
6240,はつかだいこん　根　生,2.8,-1,-1,-1,25,-1,-1,-1,-1,-1,-1,-1,-1,-1,-1,-1,-1,-1,-1
15054,＜ビスケット類＞　中華風クッキー,,-1,-1,-1,-1,-1,-1,-1,-1,-1,-1,-1,80,-1,-1,-1,-1,-1,-1
13055,＜牛乳及び乳製品＞　（チーズ類）　ナチュラルチーズ　マスカルポーネ,1.95,-1,-1,-1,-1,-1,-1,-1,-1,-1,-1,-1,100,-1,-1,-1,-1,-1,-1
14016,（動物油脂類）　ラード,8.04,-1,-1,200,-1,-1,-1,-1,4,-1,12,-1,-1,-1,-1,-1,-1,-1,-1
7081,（すもも類）　プルーン　生,3.8,-1,-1,-1,70,-1,-1,-1,-1,-1,-1,-1,-1,-1,-1,-1,-1,-1,-1
16006,＜アルコール飲料類＞　（醸造酒類）　ビール　淡色,4.85,-1,-1,-1,-1,-1,-1,-1,-1,-1,-1,-1,-1,-1,350,-1,-1,-1,-1
11140,＜畜肉類＞　ぶた　［大型種肉］　ヒレ　赤肉　生,13.3,-1,-1,-1,-1,-1,-1,-1,-1,-1,-1,200,-1,-1,-1,-1,-1,-1,-1
10448,＜魚類＞　（たら類）　加工品　桜でんぶ,11,#N/A,#N/A,#N/A,#N/A,#N/A,#N/A,#N/A,#N/A,#N/A,#N/A,#N/A,#N/A,#N/A,#N/A,#N/A,#N/A,#N/A,#N/A
1174,こむぎ　［パン類］　角形食パン　焼き,5,-1,70,-1,-1,-1,-1,-1,-1,-1,-1,-1,380,-1,-1,-1,-1,-1,-1
13011,＜牛乳及び乳製品＞　（粉乳類）　乳児用調製粉乳,1.95,-1,-1,-1,-1,-1,-1,-1,-1,-1,-1,-1,180,-1,-1,-1,-1,-1,-1
8003,えのきたけ　味付け瓶詰,,#N/A,#N/A,#N/A,#N/A,#N/A,#N/A,#N/A,#N/A,#N/A,#N/A,#N/A,#N/A,#N/A,#N/A,#N/A,#N/A,#N/A,#N/A
13005,＜牛乳及び乳製品＞　（液状乳類）　加工乳　低脂肪,1.95,-1,-1,-1,-1,200,-1,-1,5,-1,15,-1,-1,-1,-1,1.05,-1,-1,-1
1122,そば　そば粉　全層粉,2.04,-1,-1,-1,-1,-1,-1,-1,-1,-1,-1,-1,200,-1,-1,-1,-1,-1,-1
11212,＜鳥肉類＞　にわとり　［親・主品目］　手羽　皮つき　生,7.34,-1,-1,-1,45,-1,-1,-1,-1,-1,-1,-1,-1,-1,-1,-1,-1,-1,-1
7020,うめ　梅漬　塩漬,3.8,-1,-1,-1,20,-1,10,-1,-1,-1,-1,-1,-1,-1,-1,-1,-1,-1,-1
1176,こむぎ　［パン類］　角形食パン　耳,5,-1,70,-1,-1,-1,-1,-1,-1,-1,-1,-1,380,-1,-1,-1,-1,-1,-1
10260,＜魚類＞　（まぐろ類）　缶詰　水煮　フレーク　ライト,1.2,-1,-1,-1,-1,-1,-1,-1,-1,-1,-1,-1,-1,-1,80,-1,-1,-1,-1
7145,（かんきつ類）　ライム　果汁　生,3.8,-1,-1,-1,40,-1,-1,-1,-1,-1,-1,-1,-1,-1,-1,-1,-1,-1,-1
7047,（かんきつ類）　オレンジ　バレンシア　マーマレード　低糖度,3.8,-1,-1,-1,-1,-1,-1,-1,-1,-1,-1,-1,-1,150,-1,-1,-1,-1,-1
6256,（ふき類）　ふき　葉柄　生,3.8,-1,-1,-1,-1,-1,-1,-1,-1,-1,-1,-1,-1,-1,-1,-1,-1,500,-1
18015,洋風料理　素揚げ類　ミートボール,,-1,-1,-1,-1,-1,-1,-1,-1,-1,-1,-1,500,-1,-1,-1,-1,-1,-1
10193,＜魚類＞　（たい類）　まだい　養殖　皮つき　生,11,-1,80,1000,-1,-1,40,-1,-1,-1,-1,-1,-1,-1,-1,-1,-1,-1,-1
7015,いちじく　生,,-1,-1,-1,60,-1,-1,-1,-1,-1,-1,-1,-1,-1,-1,-1,-1,-1,-1
2021,＜いも類＞　じゃがいも　乾燥マッシュポテト,1.6,#N/A,#N/A,#N/A,#N/A,#N/A,#N/A,#N/A,#N/A,#N/A,#N/A,#N/A,#N/A,#N/A,#N/A,#N/A,#N/A,#N/A,#N/A
13016,＜牛乳及び乳製品＞　（クリーム類）　クリーム　植物性脂肪,9.5,-1,-1,-1,-1,-1,-1,-1,-1,-1,-1,-1,-1,200,-1,-1,-1,-1,-1
13029,＜牛乳及び乳製品＞　（発酵乳・乳酸菌飲料）　乳酸菌飲料　殺菌乳製品,1.95,-1,-1,-1,-1,-1,-1,-1,-1,-1,-1,-1,-1,200,-1,-1,-1,-1,-1
16014,＜アルコール飲料類＞　（蒸留酒類）　しょうちゅう　連続式蒸留しょうちゅう,10,-1,-1,-1,-1,200,100,-1,5,-1,15,-1,-1,-1,-1,1,-1,-1,-1
11195,＜畜肉類＞　ぶた　［その他］　焼き豚,13.3,-1,6,-1,-1,-1,-1,-1,-1,-1,-1,-1,-1,-1,-1,-1,-1,-1,-1
13036,＜牛乳及び乳製品＞　（チーズ類）　ナチュラルチーズ　ゴーダ,1.95,-1,-1,-1,-1,-1,-1,-1,-1,-1,-1,-1,100,-1,-1,-1,-1,-1,-1
17068,＜香辛料類＞　しょうが　粉,14.34,-1,-1,-1,-1,-1,-1,-1,-1,-1,6,-1,-1,-1,-1,-1,-1,-1,-1
1034,こむぎ　［パン類］　ロールパン,5,-1,-1,-1,30,-1,15,-1,-1,-1,-1,-1,230,-1,-1,-1,-1,-1,-1
9020,（こんぶ類）　刻み昆布,16.5,-1,-1,-1,-1,-1,-1,-1,-1,-1,-1,-1,50,-1,-1,-1,-1,-1,-1
10389,＜魚類＞　（あじ類）　まあじ　皮なし　生,1.2,-1,100,-1,-1,-1,-1,-1,-1,-1,-1,-1,-1,-1,-1,-1,-1,-1,-1
4047,だいず　［納豆類］　挽きわり納豆,2.9,-1,40,-1,-1,-1,-1,-1,-1,-1,-1,-1,-1,50,-1,-1,-1,-1,-1
11234,＜鳥肉類＞　にわとり　［副品目］　皮　むね　生,7.34,-1,40,-1,-1,-1,-1,-1,-1,-1,-1,-1,-1,-1,-1,-1,-1,-1,-1
6147,たかな　葉　生,3.8,-1,-1,-1,-1,-1,-1,-1,-1,-1,-1,-1,-1,-1,-1,-1,-1,300,-1
17099,＜調味料類＞　（調味ソース類）　三杯酢,,-1,-1,-1,-1,200,100,-1,5,-1,15,-1,-1,-1,-1,1,-1,-1,-1
6181,（とうもろこし類）　ヤングコーン　幼雌穂　生,2.2,-1,-1,10,10,-1,-1,-1,-1,-1,-1,-1,100,-1,-1,-1,-1,-1,-1
10063,＜魚類＞　（いわし類）　缶詰　油漬,1.2,-1,-1,100,-1,-1,50,-1,-1,-1,-1,-1,-1,-1,-1,-1,-1,-1,-1
6150,たけのこ　若茎　ゆで,2,-1,-1,700,700,-1,350,-1,-1,-1,-1,-1,-1,-1,50,-1,-1,-1,-1
1132,とうもろこし　コーンミール　黄色種,2.2,-1,-1,-1,-1,-1,-1,-1,-1,-1,-1,-1,680,-1,-1,-1,-1,-1,-1
11115,＜畜肉類＞　ぶた　［大型種肉］　かた　脂身つき　生,13.3,-1,-1,-1,-1,-1,-1,-1,-1,-1,-1,200,-1,-1,-1,-1,-1,-1,-1
10180,＜魚類＞　（ししゃも類）　ししゃも　生干し　生,2.3,-1,-1,20,-1,-1,-1,-1,-1,-1,-1,-1,100,-1,-1,-1,-1,-1,-1
10205,＜魚類＞　（たら類）　まだら　生,11,-1,80,12000,-1,-1,-1,-1,-1,-1,-1,-1,-1,-1,-1,-1,-1,-1,-1
7010,あんず　ジャム　高糖度,8.32,-1,-1,-1,-1,-1,-1,-1,-1,-1,-1,-1,-1,150,-1,-1,-1,-1,-1
17088,＜調味料類＞　（しょうゆ類）　照りしょうゆ,2.42,-1,-1,-1,-1,230,115,-1,6,-1,18,-1,-1,-1,-1,1.15,-1,-1,-1
11119,＜畜肉類＞　ぶた　［大型種肉］　かたロース　脂身つき　生,13.3,-1,-1,-1,-1,-1,-1,-1,-1,-1,-1,200,-1,-1,-1,-1,-1,-1,-1
17127,＜調味料類＞　（その他）　ふりかけ　たまご,,-1,-1,-1,-1,-1,-1,-1,-1,-1,-1,-1,80,-1,-1,-1,-1,-1,-1
16049,＜コーヒー・ココア類＞　ココア　ミルクココア,12.8,-1,-1,-1,-1,-1,-1,-1,-1,-1,-1,-1,-1,-1,400,-1,-1,-1,-1
18037,和風料理　煮物類　ひじきのいため煮,,#N/A,#N/A,#N/A,#N/A,#N/A,#N/A,#N/A,#N/A,#N/A,#N/A,#N/A,#N/A,#N/A,#N/A,#N/A,#N/A,#N/A,#N/A
10003,＜魚類＞　（あじ類）　まあじ　皮つき　生,1.2,-1,-1,150,-1,-1,-1,-1,-1,-1,-1,-1,-1,-1,-1,-1,-1,-1,-1
5016,ココナッツ　ココナッツパウダー,,-1,-1,-1,2000,-1,-1,-1,-1,-1,-1,-1,-1,-1,-1,-1,-1,-1,-1
7152,りんご　果実飲料　30%果汁入り飲料,3.8,-1,-1,-1,-1,-1,-1,-1,-1,-1,-1,-1,-1,-1,185,-1,-1,-1,-1
9038,（もずく類）　もずく　塩蔵　塩抜き,4.8,-1,-1,-1,-1,-1,-1,-1,-1,-1,-1,-1,-1,250,-1,-1,-1,-1,-1
15092,＜ビスケット類＞　ウエハース,,-1,-1,-1,7,-1,-1,-1,-1,-1,-1,-1,-1,-1,-1,-1,-1,-1,-1
7185,くこ　実　乾,,-1,-1,-1,1,-1,-1,-1,-1,-1,-1,-1,-1,-1,-1,-1,-1,-1,-1
7132,マンゴー　生,3.8,-1,-1,-1,150,-1,-1,-1,-1,-1,-1,-1,-1,-1,-1,-1,-1,-1,-1
10329,＜えび・かに類＞　（えび類）　ブラックタイガー　養殖　生,2.3,-1,-1,-1,30,-1,-1,-1,-1,-1,-1,-1,-1,-1,-1,-1,-1,-1,-1
17128,＜香辛料類＞　にんにく　ガーリックパウダー　食塩添加,3.8,-1,-1,-1,-1,-1,-1,1,6,-1,18,-1,-1,-1,130,-1,-1,-1,-1
13039,＜牛乳及び乳製品＞　（チーズ類）　ナチュラルチーズ　ブルー,1.95,-1,-1,-1,-1,-1,-1,-1,-1,-1,-1,-1,100,-1,-1,-1,-1,-1,-1
16043,＜茶類＞　（発酵茶類）　紅茶　茶,6.3,-1,-1,-1,-1,-1,-1,-1,-1,-1,-1,-1,-1,-1,150,-1,-1,-1,-1
17086,＜調味料類＞　（しょうゆ類）　こいくちしょうゆ　減塩,2.42,-1,-1,-1,-1,230,115,-1,6,-1,18,-1,-1,-1,-1,1.15,-1,-1,-1
6305,（らっきょう類）　らっきょう　りん茎　生,3.8,-1,-1,-1,-1,-1,-1,-1,-1,-1,-1,-1,100,-1,-1,-1,-1,-1,-1
6056,かんぴょう　乾,,-1,-1,-1,-1,-1,-1,-1,-1,-1,-1,-1,30,-1,-1,-1,-1,-1,-1
14015,（動物油脂類）　牛脂,8.04,-1,-1,-1,4,-1,-1,-1,4,-1,12,100,-1,-1,-1,-1,-1,-1,-1
10100,＜魚類＞　（かれい類）　まがれい　生,8.7,-1,100,-1,-1,-1,-1,-1,-1,-1,-1,-1,-1,-1,-1,-1,-1,-1,-1
18002,中国料理　点心類　ぎょうざ,,-1,-1,-1,-1,-1,-1,-1,-1,-1,-1,-1,100,-1,-1,-1,-1,-1,-1
7077,すいか　赤肉種　生,3.8,-1,-1,-1,5000,-1,-1,-1,-1,-1,-1,-1,-1,-1,-1,-1,-1,-1,-1
11187,＜畜肉類＞　ぶた　［ソーセージ類］　セミドライソーセージ,49,-1,-1,-1,-1,-1,-1,-1,-1,-1,-1,-1,200,-1,-1,-1,-1,-1,-1
7146,ラズベリー　生,8.32,-1,-1,-1,3,-1,-1,-1,-1,-1,-1,-1,-1,-1,-1,-1,-1,-1,-1
6283,めキャベツ　結球葉　生,3.76,-1,55,-1,1000,-1,500,-1,-1,-1,-1,-1,-1,-1,-1,-1,-1,-1,-1
17048,＜調味料類＞　（みそ類）　豆みそ,2.69,-1,-1,-1,-1,230,115,-1,6,-1,18,-1,-1,-1,-1,-1,-1,-1,-1
12021,鶏卵　全卵　目玉焼き,6.3,-1,-1,-1,60,-1,30,-1,-1,-1,-1,-1,-1,-1,-1,-1,-1,-1,-1
11067,＜畜肉類＞　うし　［輸入牛肉］　リブロース　脂身つき　生,49,-1,30,-1,-1,-1,15,-1,-1,-1,-1,200,-1,-1,-1,-1,-1,-1,-1
18040,洋風料理　カレー類　チキンカレー,,-1,-1,-1,-1,-1,-1,-1,-1,-1,-1,-1,100,-1,-1,-1,-1,-1,-1
15105,＜キャンデー類＞　キャラメル,,-1,-1,-1,5,-1,-1,-1,-1,-1,-1,-1,-1,-1,-1,-1,-1,-1,-1
17125,＜調味料類＞　（その他）　お茶漬けの素　さけ,,-1,-1,-1,-1,-1,-1,-1,-1,-1,-1,-1,70,-1,-1,-1,-1,-1,-1
15009,＜和生菓子・和半生菓子類＞　カステラ,,-1,-1,-1,-1,-1,-1,-1,-1,-1,-1,-1,-1,380,-1,-1,-1,-1,-1
4065,ひよこまめ　全粒　乾,2,-1,-1,-1,-1,-1,-1,-1,-1,-1,-1,-1,-1,-1,100,-1,-1,-1,-1
7013,いちご　ジャム　高糖度,8.32,-1,-1,-1,-1,-1,-1,-1,-1,-1,-1,-1,-1,150,-1,-1,-1,-1,-1
17098,＜調味料類＞　（調味ソース類）　ごまだれ,,-1,-1,-1,-1,200,100,-1,5,-1,15,-1,-1,-1,-1,1,-1,-1,-1
16053,＜その他＞　（炭酸飲料類）　コーラ,,-1,-1,-1,-1,200,-1,-1,-1,-1,-1,-1,-1,-1,-1,-1,-1,-1,-1
10319,＜えび・かに類＞　（えび類）　あまえび　生,2.3,-1,-1,-1,9,-1,-1,-1,-1,-1,-1,-1,-1,-1,-1,-1,-1,-1,-1
4002,あずき　全粒　ゆで,5.1,#N/A,#N/A,#N/A,#N/A,#N/A,#N/A,#N/A,#N/A,#N/A,#N/A,#N/A,#N/A,#N/A,#N/A,#N/A,#N/A,#N/A,#N/A
5031,マカダミアナッツ　いり　味付け,3.8,-1,-1,-1,-1,120,-1,-1,-1,-1,-1,-1,-1,-1,-1,-1,-1,-1,-1
6354,ブロッコリー　芽ばえ　生,5,-1,-1,-1,800,-1,400,-1,-1,-1,-1,-1,-1,-1,-1,-1,-1,175,-1
15117,＜果実菓子類＞　マロングラッセ,,-1,20,-1,-1,-1,-1,-1,-1,-1,-1,-1,-1,-1,-1,-1,-1,-1,-1
2028,＜でん粉・でん粉製品＞　（でん粉類）　キャッサバでん粉,2.04,-1,-1,-1,-1,-1,-1,-1,-1,-1,-1,-1,-1,-1,-1,-1,70,-1,-1
13028,＜牛乳及び乳製品＞　（発酵乳・乳酸菌飲料）　乳酸菌飲料　乳製品,1.95,-1,-1,-1,-1,-1,-1,-1,-1,-1,-1,-1,-1,200,-1,-1,-1,-1,-1
4008,いんげんまめ　全粒　ゆで,3.8,#N/A,#N/A,#N/A,#N/A,#N/A,#N/A,#N/A,#N/A,#N/A,#N/A,#N/A,#N/A,#N/A,#N/A,#N/A,#N/A,#N/A,#N/A
13048,＜牛乳及び乳製品＞　（その他）　カゼイン,9.5,-1,-1,-1,100,-1,-1,-1,-1,-1,-1,-1,-1,-1,-1,-1,-1,-1,-1
10354,＜いか・たこ類＞　（いか類）　加工品　さきいか,2.3,#N/A,#N/A,#N/A,#N/A,#N/A,#N/A,#N/A,#N/A,#N/A,#N/A,#N/A,#N/A,#N/A,#N/A,#N/A,#N/A,#N/A,#N/A
4007,いんげんまめ　全粒　乾,3.8,-1,-1,3,-1,-1,1.5,-1,-1,-1,-1,-1,-1,-1,-1,-1,-1,-1,-1
10362,＜いか・たこ類＞　（たこ類）　まだこ　ゆで,2.3,-1,-1,-1,-1,-1,-1,-1,-1,-1,-1,-1,-1,-1,-1,-1,60,-1,-1
15086,＜デザート菓子類＞　カスタードプリン,,-1,-1,-1,90,-1,-1,-1,-1,-1,-1,-1,-1,-1,-1,-1,-1,-1,-1
1041,こむぎ　［うどん・そうめん類］　干しうどん　乾,2.04,-1,-1,-1,-1,-1,-1,-1,-1,-1,-1,-1,200,-1,-1,-1,-1,50,-1
17043,＜調味料類＞　（ドレッシング類）　半固形状ドレッシング　マヨネーズ　卵黄型,,-1,-1,-1,-1,-1,-1,-1,5,-1,15,-1,-1,-1,-1,-1,-1,-1,-1
6179,（とうもろこし類）　スイートコーン　缶詰　クリームスタイル,2.2,-1,-1,-1,-1,-1,-1,-1,-1,-1,-1,-1,-1,-1,100,-1,-1,-1,-1
4019,そらまめ　全粒　乾,3.8,-1,-1,45,-1,-1,-1,-1,-1,-1,-1,-1,-1,-1,-1,-1,-1,-1,-1
6050,（かぼちゃ類）　西洋かぼちゃ　果実　冷凍,3.1,-1,-1,-1,1500,-1,750,-1,-1,-1,-1,-1,-1,-1,-1,-1,-1,-1,-1
6012,（うど類）　うど　茎　生,3.8,-1,-1,-1,-1,-1,-1,-1,-1,-1,-1,-1,-1,-1,-1,-1,40,-1,-1
16050,＜その他＞　甘酒,,-1,-1,-1,-1,-1,-1,-1,-1,-1,-1,-1,60,-1,-1,-1,-1,-1,-1
6030,おかひじき　茎葉　生,,-1,-1,-1,-1,-1,-1,-1,-1,-1,-1,-1,70,-1,-1,-1,-1,-1,-1
10315,＜貝類＞　ほたてがい　貝柱　水煮缶詰,1.4,-1,-1,-1,40,-1,-1,-1,-1,-1,-1,-1,-1,-1,-1,-1,-1,-1,-1
5008,ぎんなん　生,,-1,-1,-1,3,-1,-1,-1,-1,-1,-1,-1,-1,-1,-1,-1,-1,-1,-1
9051,ひじき　ほしひじき　ステンレス釜　ゆで,4.8,#N/A,#N/A,#N/A,#N/A,#N/A,#N/A,#N/A,#N/A,#N/A,#N/A,#N/A,#N/A,#N/A,#N/A,#N/A,#N/A,#N/A,#N/A
6148,たかな　たかな漬,3.8,-1,-1,-1,-1,-1,-1,-1,-1,-1,-1,-1,150,-1,-1,-1,-1,-1,-1
6340,（トマト類）　加工品　トマトジュース　食塩無添加,7.82,-1,-1,-1,-1,-1,-1,-1,-1,-1,-1,-1,-1,-1,185,-1,-1,-1,-1
6258,（ふき類）　ふきのとう　花序　生,3.8,-1,-1,-1,7,-1,3.5,-1,-1,-1,-1,-1,-1,-1,-1,-1,-1,-1,-1
4041,だいず　［豆腐・油揚げ類］　がんもどき,2.9,-1,-1,-1,-1,-1,-1,-1,-1,-1,-1,-1,100,-1,-1,-1,-1,-1,-1
6169,とうがらし　葉･果実　生,14.34,-1,-1,8,8,-1,-1,-1,-1,-1,-1,-1,-1,-1,-1,-1,-1,-1,-1
6298,ようさい　茎葉　生,3.8,-1,-1,-1,-1,-1,-1,-1,-1,-1,-1,-1,-1,-1,-1,-1,-1,80,-1
10144,＜魚類＞　（さけ・ます類）　たいせいようさけ　養殖　皮つき　生,1.7,-1,100,-1,-1,-1,50,-1,-1,-1,-1,-1,-1,-1,-1,-1,-1,-1,-1
1115,こめ　［うるち米製品］　ビーフン,3.4,1,-1,-1,-1,-1,-1,-1,-1,-1,-1,-1,150,-1,-1,-1,-1,-1,-1
7102,パインアップル　缶詰,3.8,#N/A,#N/A,#N/A,#N/A,#N/A,#N/A,#N/A,#N/A,#N/A,#N/A,#N/A,#N/A,#N/A,#N/A,#N/A,#N/A,#N/A,#N/A
1006,おおむぎ　押麦　乾,3.7,-1,-1,-1,-1,150,75,-1,5,-1,10,50,100,-1,-1,-1,-1,-1,150
15180,＜その他＞　チョコレートクリーム,,-1,-1,-1,100,-1,-1,-1,-1,-1,-1,-1,-1,-1,-1,-1,-1,-1,-1
1175,こむぎ　［パン類］　角形食パン　耳を除いたもの,5,-1,70,-1,-1,-1,-1,-1,-1,-1,-1,-1,380,-1,-1,-1,-1,-1,-1
10045,＜魚類＞　（いわし類）　かたくちいわし　煮干し,1.2,-1,-1,-1,-1,200,-1,-1,-1,-1,-1,-1,-1,-1,-1,-1,-1,-1,-1
17070,＜香辛料類＞　セージ　粉,14.34,-1,-1,-1,-1,-1,-1,-1,-1,-1,-1,-1,10,-1,-1,-1,-1,-1,-1
6152,たけのこ　めんま　塩蔵　塩抜き,2,#N/A,#N/A,#N/A,#N/A,#N/A,#N/A,#N/A,#N/A,#N/A,#N/A,#N/A,#N/A,#N/A,#N/A,#N/A,#N/A,#N/A,#N/A
2045,＜いも類＞　（さつまいも類）　さつまいも　塊根　皮つき　生,2.37,-1,-1,200,200,-1,100,-1,-1,-1,-1,-1,-1,-1,-1,-1,-1,-1,-1
7179,マンゴー　ドライマンゴー,3.8,#N/A,#N/A,#N/A,#N/A,#N/A,#N/A,#N/A,#N/A,#N/A,#N/A,#N/A,#N/A,#N/A,#N/A,#N/A,#N/A,#N/A,#N/A
5002,アーモンド　フライ　味付け,3.8,#N/A,#N/A,#N/A,#N/A,#N/A,#N/A,#N/A,#N/A,#N/A,#N/A,#N/A,#N/A,#N/A,#N/A,#N/A,#N/A,#N/A,#N/A
2020,＜いも類＞　じゃがいも　塊茎　皮なし　フライドポテト　（市販冷凍食品を揚げたもの）,1.6,#N/A,#N/A,#N/A,#N/A,#N/A,#N/A,#N/A,#N/A,#N/A,#N/A,#N/A,#N/A,#N/A,#N/A,#N/A,#N/A,#N/A,#N/A
1068,こむぎ　［ふ類］　焼きふ　車ふ,2.04,#N/A,#N/A,#N/A,#N/A,#N/A,#N/A,#N/A,#N/A,#N/A,#N/A,#N/A,#N/A,#N/A,#N/A,#N/A,#N/A,#N/A,#N/A
10086,＜魚類＞　（かつお類）　かつお　春獲り　生,2.3,-1,180,19000,-1,-1,-1,-1,-1,-1,-1,-1,-1,-1,-1,-1,-1,-1,-1
1023,こむぎ　［小麦粉］　強力粉　全粒粉,2.04,-1,-1,-1,-1,150,75,-1,3,-1,9,-1,200,-1,-1,-1,-1,-1,-1
1147,こむぎ　［小麦粉］　プレミックス粉　から揚げ用,2.04,-1,-1,-1,-1,150,75,-1,3,-1,9,-1,200,-1,-1,-1,-1,-1,-1
7157,ココナッツ　ココナッツウォーター,,#N/A,#N/A,#N/A,#N/A,#N/A,#N/A,#N/A,#N/A,#N/A,#N/A,#N/A,#N/A,#N/A,#N/A,#N/A,#N/A,#N/A,#N/A
2025,＜いも類＞　（やまのいも類）　ながいも　やまといも　塊根　生,2.37,-1,-1,700,-1,-1,350,-1,-1,-1,-1,-1,-1,-1,-1,-1,70,-1,-1
2029,＜でん粉・でん粉製品＞　（でん粉類）　くずでん粉,2.04,-1,-1,-1,-1,-1,-1,-1,2,-1,6,-1,-1,-1,-1,-1,70,-1,-1
6117,せり　茎葉　生,3.8,-1,-1,-1,-1,-1,-1,-1,-1,-1,-1,-1,200,-1,-1,-1,-1,-1,-1
7035,（かんきつ類）　うんしゅうみかん　缶詰　果肉,3.8,#N/A,#N/A,#N/A,#N/A,#N/A,#N/A,#N/A,#N/A,#N/A,#N/A,#N/A,#N/A,#N/A,#N/A,#N/A,#N/A,#N/A,#N/A
6269,ほうれんそう　葉　冷凍,5.86,-1,-1,-1,40,-1,20,-1,-1,-1,-1,-1,-1,-1,-1,-1,-1,-1,-1
6323,わさび　わさび漬,7.39,#N/A,#N/A,#N/A,#N/A,#N/A,#N/A,#N/A,#N/A,#N/A,#N/A,#N/A,#N/A,#N/A,#N/A,#N/A,#N/A,#N/A,#N/A
18033,和風料理　煮物類　きんぴらごぼう,,#N/A,#N/A,#N/A,#N/A,#N/A,#N/A,#N/A,#N/A,#N/A,#N/A,#N/A,#N/A,#N/A,#N/A,#N/A,#N/A,#N/A,#N/A
7134,メロン　温室メロン　生,3.8,-1,-1,-1,1500,-1,-1,-1,-1,-1,-1,-1,-1,-1,-1,-1,-1,-1,-1
11218,＜鳥肉類＞　にわとり　［若どり・主品目］　手羽　皮つき　生,7.34,-1,280,-1,28,-1,-1,-1,-1,-1,-1,-1,-1,-1,-1,-1,-1,-1,-1
2054,＜いも類＞　ヤーコン　塊根　生,,-1,-1,-1,150,-1,-1,-1,-1,-1,-1,-1,-1,-1,-1,-1,-1,-1,-1
14013,（植物油脂類）　やし油,8.04,-1,-1,-1,-1,-1,-1,-1,4,-1,12,-1,-1,-1,-1,-1,-1,-1,-1
18018,洋風料理　コロッケ類　ポテトコロッケ,,#N/A,#N/A,#N/A,#N/A,#N/A,#N/A,#N/A,#N/A,#N/A,#N/A,#N/A,#N/A,#N/A,#N/A,#N/A,#N/A,#N/A,#N/A
9045,わかめ　湯通し塩蔵わかめ　塩抜き　生,4.8,-1,-1,-1,-1,-1,-1,-1,-1,-1,-1,-1,200,-1,-1,-1,-1,-1,-1
1148,こむぎ　［パン類］　ベーグル,5,-1,-1,-1,90,-1,-1,-1,-1,-1,-1,-1,-1,-1,-1,-1,-1,-1,-1
11166,＜畜肉類＞　ぶた　［副生物］　肝臓　生,13.3,-1,-1,-1,15,-1,-1,-1,-1,-1,-1,-1,-1,-1,-1,-1,-1,-1,-1
10084,＜魚類＞　（かじき類）　まかじき　生,2.3,-1,200,200000,-1,-1,-1,-1,-1,-1,-1,-1,-1,-1,-1,-1,-1,-1,-1
10358,＜いか・たこ類＞　（いか類）　加工品　塩辛,2.3,-1,-1,-1,-1,-1,-1,-1,-1,-1,-1,-1,-1,-1,-120,-1,-1,-1,-1
10067,＜魚類＞　うなぎ　養殖　生,2.3,-1,-1,200,-1,-1,-1,-1,-1,-1,-1,-1,-1,-1,-1,-1,30,-1,-1
6049,（かぼちゃ類）　西洋かぼちゃ　果実　ゆで,3.1,-1,-1,-1,1500,-1,750,-1,-1,-1,-1,-1,-1,-1,-1,-1,-1,-1,-1
13058,＜牛乳及び乳製品＞　（チーズ類）　ナチュラルチーズ　リコッタ,1.95,-1,-1,-1,-1,-1,-1,-1,-1,-1,-1,-1,100,-1,-1,-1,-1,-1,-1